start	end	text
0	6800	You know, usually when we talk about a medical diagnosis, there's this expectation of absolute precision.
7160	8360	Right. We want it to be like engineering.
8580	10300	Yeah, exactly. You treat it like engineering.
10460	12820	You fall off a bike, you break your arm, and they take an x-ray.
13020	16980	And the x-ray shows that jagged white line on the black background.
17360	18260	It's undeniable.
18420	21400	Right. The doctor just points at it and says, you know, there it is.
22260	27400	Broken or not broken. It's clean. It's visible. And honestly, it's comforting.
27400	30560	It really is. It gives us this profound sense of control.
30940	36940	I mean, we desperately want the world to be categorized into neat, static snapshots like that.
37200	41860	Totally. We want to look at a problem, put it in a box, and say, okay, I understand this.
41920	43860	But then you step into the real world.
43960	49580	Oh, man. Yeah. You look at things like neurodevelopment or chronic trauma or even just, I don't know,
49660	52400	trying to figure out why your car is making that weird rattling noise.
52720	55940	And suddenly that perfect x-ray machine is completely useless.
55940	60660	Exactly. You lose that perfect, clean snapshot of reality.
61180	67120	And that loss of a pristine picture, that feeling of wading into diagnostic muddy waters,
67340	69620	that is exactly where we're heading today.
69700	71640	Which is honestly the most exciting place to be.
71760	77020	It is. We are taking a massive, mind-bending, deep dive into a hidden architecture
77020	79920	that dictates literally every part of your life.
80020	85300	And it is a blueprint that most of us, you know, we never even realize is operating in the background.
85300	91700	So imagine if the rules keeping a massive Boeing 777 in the sky were the exact same rules
91700	96220	dictating how a global supply chain completely breaks down during a crisis.
96440	97600	Which sounds crazy at first.
97780	102980	Right. And what if those are the exact same mechanisms governing the invisible rules of contract law?
103080	106320	Or how your brain decides which memories to dream about tonight?
106480	109320	Or even how your immune system fights off a flu virus?
109320	110160	It's all connected.
110520	114560	We are even going to pull the camera all the way back to look at how the earth itself,
114640	117920	the literal ground under your feet, records the passage of deep time.
118120	122120	I mean, it sounds like we're comparing apples to airplanes to tectonic plates.
122480	123240	It really does.
123540	127600	But there is a remarkably elegant thread tying all of these together.
127720	131820	And we are exploring this through an absolutely fascinating stack of sources today.
131820	135940	We have six highly detailed interrelated research papers.
136340	139740	And they were all published recently, September 4th, 2026,
139980	142600	by an independent researcher who goes by the name Fliction.
142860	145400	A very mysterious but brilliant body of work.
145540	145920	Truly.
146480	150780	Our mission today is to unpack Fliction's grand unified theory of what they call
150780	152600	contradiction and continuation.
153320	154680	Okay, let's unpack this.
155080	157920	The core premise we are exploring is that complex systems,
157920	161400	whether that's a human body, a society, or a corporate network,
162180	164340	they do not survive by being perfect.
164620	166120	And that is the crucial pivot right there.
166580	168900	We assume survival requires flawlessness.
169100	170760	But they don't survive by never breaking.
171080	175540	According to this research, systems survive through two very specific paired monisms.
175960	177540	The first is admissibility.
177720	178660	Right, admissibility.
178840	182400	Think of admissibility as a hyper-strict bouncer at the door of reality.
182700	187680	It decides what actions, what cells, or what behaviors are actually allowed to proceed into the future.
187680	189400	And the second mechanism is repair.
189680	191200	Which isn't what it sounds like, right?
191300	191740	Exactly.
192240	195060	Repair isn't just fixing a broken part to make it look brand new.
195360	200740	It's the active, messy mechanism that keeps the system moving forward when things inevitably fall apart.
200980	203160	So it's not about making it pretty again.
203380	204320	No, not at all.
204680	210380	The profound shift here is moving our minds away from objects and toward trajectories.
210800	214700	You know, we are trained by our schooling to look at things as static nouns.
214700	217960	Like a contract is just a piece of paper in a file cabinet.
218320	218460	Right.
218680	222320	Or a memory is a digital file stored on a hard drive in your brain.
222440	225300	A rock layer is just a heavy object sitting in the dirt.
226040	229680	But Fliction is arguing that to understand reality, we have to look at verbs.
230060	231060	We have to look at motion.
231320	233820	So we have to stop asking, what is this object?
234080	236360	Yes, and start asking, how does this system keep going?
236520	241140	When faced with immense stress, noise, or outright catastrophic failure,
241660	243640	how does the system maintain its continuation?
243640	249640	And to really ground this in something visceral, we are starting with a high-stakes human environment,
250160	254500	where waiting for a perfect statistical snapshot isn't just bad science.
254880	256760	It is literally a matter of life and death.
257040	258580	We are looking at aviation safety.
258860	266320	Because if you want to understand how a massive, complex system survives imperfect data and constant minor failures,
266780	272820	you look at the people whose daily job is keeping 300-ton metal tubes suspended in the sky.
272820	279980	Aviation is arguably the ultimate modern test case for learning from things that almost went disastrously wrong,
280140	281900	but didn't quite end in a crash.
282240	285340	So Fliction points us directly to how the United States handles this,
285420	289820	specifically focusing on NASA's Aviation Safety Reporting System, the ASRS,
290820	293640	and the National Transportation Safety Board, the NTSB.
294100	298040	Let's look at the ASRS first, because the mechanics of this are wild.
298220	298820	They really are.
298820	304360	They process roughly 100,000 voluntary de-identified reports every single year.
304740	309020	So mechanics, pilots, dispatchers, air traffic controllers, they all voluntarily write in and say,
309080	311680	hey, I messed up, or hey, I almost flew into another plane.
311800	315340	And the brilliant part is that NASA runs this as a neutral third party.
315520	318880	Right. It's not run by the Federal Aviation Administration, the FAA.
319340	319820	Exactly.
319820	326920	So people aren't terrified that an FAA inspector is going to read their report and instantly revoke their pilot's license.
327260	331520	That structural design is genius because it completely removes the punitive threat.
331920	337040	If you want to gather the data on how a system actually operates on a Tuesday afternoon,
337440	341280	as opposed to how the manual says it should operate, you have to grant immunity.
341280	346440	And alongside that early warning system, you have the NTSB handling the actual accidents.
346980	350520	And they operate completely independently from the regulatory bodies, too, right?
350600	350860	Yes.
351400	356560	Their goal isn't to assign blame, figure out who to sue, or deal with court liability.
357200	361420	Their mandate is factual reconstruction and prospective change.
361420	365700	So they just exist to figure out the probable cause and issue safety recommendations
365700	368660	to change the future trajectory of the industry.
369120	373000	But critics look at this, especially the ASRS with all its voluntary reports,
373240	376000	and they hit it with a massive statistical critique.
376140	378020	It's called the denominator problem.
378380	380400	Okay. And if you aren't a statistician,
380880	383700	this basically means that if you have a ledger of incidents,
383960	388640	say 100,000 reports of pilots misreading a specific runway sign,
388640	393700	that massive number means absolutely nothing unless you know the denominator.
393980	396520	Right. You need to know the total number of flights
396520	400400	or the total number of opportunities for that exact failure to occur.
400540	403760	Because if a million planes landed perfectly at that runway,
404340	407100	the 100,000 mistakes are a relatively small percentage.
407320	412380	Exactly. But if only 110,000 planes landed there, it's an absolute disaster.
412540	413800	Almost everyone is crashing.
414000	415860	Right. So without the denominator,
415860	418820	critics argue that an incident count is just a meaningless,
419400	421200	biased collection of scary stories.
421540	425680	It is a pervasive critique, especially right now when engineers try to apply
425680	431080	aviation safety methods to new chaotic fields like artificial intelligence safety.
431160	431760	Oh, absolutely.
432300	435020	The strict data scientists look at voluntary reports and say,
435520	437940	well, if you don't know the exact baseline exposure rate,
438280	440200	your data is epistemically compromised.
440840	443900	You can't build a mathematical model, so the ledger is useless.
443900	446860	But Fliction pushes back completely on this.
447460	452540	Fliction argues that the history of aviation proves those strict data scientists are wrong.
452700	458580	Because a ledger doesn't need to be this pristine, mathematically perfect statistical sample
458580	461200	to actually guide human action.
461440	467260	Right. Aviation survives because it treats these messy, near-miss anecdotes as structured evidence.
467260	471220	They use it to find latent common mode failures hiding in the system.
471520	475940	And that search for lading conditions is what makes the NTSB investigation so rigorous.
476600	479020	Consider Colgan Air Flight 3407.
479180	482400	Right. That was a tragic crash in upstate New York back in 2009.
482660	482900	Yes.
483440	485560	Now, if you only looked at the sharp end of the stick,
485820	488220	meaning the immediate final moments in the cockpit,
488920	491900	you would say the crew responded inappropriately to the stick shaker.
492100	494540	The plane's automated stall warning went off, right?
494540	499160	Exactly. And the pilot pulled back on the yoke instead of pushing forward to regain airspeed.
499400	500940	Which goes against basic aerodynamics.
501040	502940	You're supposed to push the nose down to gain speed.
503140	506200	Right. So the easiest thing to do is just blame the pilots,
506760	509720	close the case, and say human error caused the crash.
509940	512460	That is the trap most industries fall into.
512660	514080	They stop at the cockpit door.
514920	520080	But the NTSB leans heavily on the framework developed by psychologist James Reason,
520080	524480	what most people know as the Swiss cheese model of human error.
525200	526780	They look for the latent conditions.
527440	534120	So they ask, why did this specific crew react in that completely counterintuitive way on that specific night?
534520	534960	Exactly.
535480	537280	And when the NTSB dug in,
537520	540260	they found exhausted pilots who were commuting across the country,
540720	541900	sleeping in crew lounges.
542300	545200	They found problems with the regional carrier's training programs,
545600	546580	professional standards,
546580	550180	and even the regulatory oversight that allowed those grueling schedules.
550180	554440	Wow. So the investigation didn't just point a finger at the sharp end of the failure.
554680	558820	It looked at the entire organizational trajectory that made that failure almost inevitable.
559040	561920	Yes. The failure wasn't just the pilot pulling the yoke.
562600	565920	The failure was a systemic trajectory that placed a fatigued,
566080	569540	inadequately trained crew in a high-stress icing environment.
569720	571880	And because they identified the systemic trajectory,
572280	577500	the recommendations that followed weren't just a memo telling pilots not to pull back on a stalling plane.
577500	582000	No. The NTSB recommendations completely changed pilot record keeping,
582640	585120	mandated massive overhauls in fatigue management,
585500	588200	and altered stall recovery training nationwide.
588400	592460	They changed the rules of admissibility for the entire commercial aviation industry.
592580	597760	Infliction brings up an even broader historical example of this kind of system-wide repair.
598140	601880	The rise of crew resource management, or CRM.
601880	607720	Oh, yeah. If we go back to the 1970s, you had some truly horrific crashes.
608420	611500	Take United Airlines Flight 173 in Portland.
611660	612820	That's a classic example.
612980	617900	The crew became so hyper-fixated on a potentially broken landing gear indicator light
617900	619940	that they circled the airport for an hour,
620140	622320	completely ignored the fact that they were running out of fuel,
622520	623720	and crashed into a neighborhood.
623800	626080	Or look at the Tenerife disaster in 1977.
626440	629200	Right. The deadliest accident in aviation history.
629200	633300	Two fully loaded 747s colliding on a foggy runway.
633620	635740	And when investigators unpacked these disasters,
636040	638940	they realized the problem wasn't the aerodynamics of the planes,
639440	642380	or the weather, or even technical flying skills.
642480	644220	It was the culture inside the cockpit.
644760	645160	Exactly.
645640	648820	Back then, the captain was essentially treated like a god.
649640	650820	If the captain made a mistake,
651300	653820	the junior officer often knew something was wrong,
653820	656040	but the authority gradient was so steep
656040	658300	that they literally did not feel empowered
658300	659740	to speak up and challenge the captain.
660560	662700	So the repair mechanism the industry needed
662700	665600	wasn't stronger aluminum or better radar.
665960	668460	The repair was a fundamental rewrite of human procedure.
668900	670540	That became crew resource management.
671220	674320	CRM explicitly trained crews on how to communicate.
674560	676700	It instituted standard cowlouts, right?
676700	676940	Yes.
677440	680740	It required the co-pilot to actively challenge the captain
680740	682480	if they crossed certain safety parameters.
682480	685660	It created the concept of the sterile cockpit,
686100	689840	where non-essential conversation is banned below 10,000 feet.
690280	692180	So CRM wasn't a technical fix.
692280	695600	It was a profound shift in what was considered admissible behavior.
696260	698280	It repaired the social fabric of the cockpit
698280	700540	so future flights could continue safely,
700800	703380	even when a captain inevitably made a mistake.
703680	706000	But wait, I want to go back to this ASRS data,
706220	707720	this voluntary reporting stuff,
707840	710860	because if we are building an entire safety philosophy
710860	712480	on voluntary complaints,
712940	714820	isn't that just building a massive database
714820	716380	of the squeakiest wheels?
716380	718020	That is a very common critique.
718500	720380	I mean, it feels like trying to judge
720380	722260	a restaurant's overall quality
722260	724840	by only reading its one-star Yelp reviews.
725240	727540	If people only report when they are scared,
727880	729300	or maybe they are just reporting
729300	730980	because filing a NASA report
730980	732640	gives them a get-out-of-jail-free card
732640	733800	for a minor violation,
734280	735380	how do you actually learn
735380	737280	from a skewed archive of anecdotes?
737280	739860	That tension is exactly what Flixion addresses,
740300	742060	and the answer is incredibly elegant.
742860	744720	The ASRS organization itself
744720	746660	explicitly warns researchers
746660	749220	not to use their database to establish prevalence.
749380	750620	Okay, so they know it's skewed.
750780	751040	Yes.
751400	752160	They state up front,
752860	754200	we are not a perfect rate table.
754760	756240	Do not use this data to calculate
756240	758280	the mathematical probability of a crash.
758960	760800	But Flixion argues that this warning
760800	762280	isn't a defect of the data,
762720	764120	it is an admissibility rule.
764120	766000	Meaning the system is deciding up front
766000	767580	what this data is legally
767580	769580	and scientifically allowed to be used for.
770060	770380	Precisely.
770880	772620	It is not admitted into the system
772620	774100	as a global rate estimate.
774600	777400	It is admitted purely as evidence of vulnerability.
777900	778880	Ah, okay.
778900	780500	Because the goal of aviation safety
780500	782420	isn't actuarial closure.
783060	785160	The goal isn't to perfectly calculate
785160	788960	that a misheard clearance happens 0.04% of the time.
789200	791900	The goal is to issue practical warning signs
791900	793480	before the crash happens.
793480	797900	So NASA takes these messy, emotional, voluntary reports
797900	800180	and rigorously codes them
800180	802240	into highly structured taxonomies.
802360	802580	Yes.
802920	804180	They tag the anomaly types,
804280	805020	the weather conditions,
805140	805820	the human factors,
805960	807300	the specific phase of flight.
807700	808860	They even have algorithms
808860	810680	to combine multiple different perspectives
810680	812020	of the exact same event.
812240	813540	So they take the messy anecdote
813540	815820	and force it into a structural grid.
816100	817800	And then they publish the callback bulletin
817800	819900	to share these very specific lessons
819900	820560	with the industry.
820740	820920	Why?
820920	822560	Because if you get a single report
822560	824180	of a pilot mishearing a clearance,
824300	825440	that might just be an anecdote.
825660	825840	Right.
825840	828040	But if you start seeing a recurrent,
828340	829720	coded family of reports,
829920	831540	all showing confusion
831540	834300	at the exact same taxiway intersection in Chicago
834300	837300	under the exact same nighttime weather conditions,
837720	840500	you don't need a perfect statistical denominator
840500	841900	to know you have a problem.
842040	843080	You don't need to know exactly
843080	846080	how many planes successfully navigated that taxiway
846080	848920	to know that the signage is dangerously confusing
848920	851420	and needs to be repainted immediately.
852220	852460	Yes.
852840	854960	You act before the statistical estimate
854960	856040	is fully stabilized.
856480	857700	Because in aviation,
858380	859660	waiting for a perfect census
859660	861240	means waiting for a fireball.
861420	861860	Wow.
862220	863280	The ledger of mistakes
863280	865060	acts as a continuation device.
865700	866820	It's a pragmatic filter
866820	868180	for deciding which disturbances
868180	870000	deserve to reshape future action.
870260	871520	Now, to be fair to the critics,
871660	872520	fliction does include
872520	874680	some vital disconfirming evidence here.
874680	877560	ASRS relies heavily on soft data.
878120	879100	It's self-reported,
879180	880940	often completely uncorroborated
880940	882260	by flight data recorders.
882580	884280	And there is massive underreporting
884280	885480	of certain types of errors.
885840	887520	Plus, modern safety scholars
887520	889540	like Sidney Decker and Eric Hulnigel
889540	890780	have heavily criticized
890780	892040	relying too much
892040	894260	on James Reason's Swiss cheese model.
894860	896360	They argue that thinking of safety
896360	898900	as just a neat stack of static barriers
898900	900940	withhold in them is way too linear.
901280	901520	Yes.
901660	903600	They point out that real human systems
903600	904880	don't fail linearly.
905120	905760	They drift.
906020	906240	Right.
906440	907980	Humans constantly adapt,
908140	909620	cut corners to save time,
909780	911100	and reorganize in ways
911100	912120	the Swiss cheese model
912120	913180	doesn't capture well.
913500	915660	That critique of the Swiss cheese model
915660	916260	is vital.
916780	917600	Safety isn't just about
917600	919140	plugging holes in a static wall.
919500	920580	It's about managing
920580	922300	that constant dynamic drift.
922500	922720	Yeah.
923020	924140	But Fliction points out
924140	925500	that even with that critique,
925700	927100	the core argument holds up.
927180	928320	Because aviation proves
928320	929140	that a data system
929140	930980	doesn't have to be epistemically perfect
930980	932140	to be a working instrument
932140	933160	of learning and repair.
933160	933640	Exactly.
934440	934620	Okay.
934720	935940	So we've seen how aviation
935940	937340	uses procedural changes
937340	938820	like CRM cowl-outs
938820	939700	and new checklists
939700	940820	as its repair mechanism
940820	941860	to survive shocks.
942120	943980	But how do the physical systems
943980	945520	that move our goods survive?
945780	946900	That's a great transition.
947320	947840	I want to move
947840	948720	from the procedural
948720	950640	shock absorption in the sky
950640	952780	down to the physical shock absorption
952780	953420	in the warehouse.
954300	956020	Let's talk about supply chains
956020	956820	and something called
956820	957920	the bullwhip effect.
958440	960200	This is a fantastic application
960200	961020	of the theory
961020	962420	because we are shifting
962420	964100	from repairing human procedures
964100	966380	to repairing the physical flow
966380	967880	of matter across the globe.
967880	969160	The bullwhip effect.
969860	971260	Fliction cites the canonical
971260	973440	1997 management paper
973440	974700	by Hao L. Li,
975160	976200	V. Padmanahan,
976480	977320	and Sun Jin Wang.
977760	978880	And for everyone listening,
978980	980360	if you want to visualize this,
980580	982180	imagine holding a long bullwhip.
982300	983300	A very helpful visual.
983300	984400	You flick your wrist.
984480	985260	This is a tiny bit
985260	986180	of very small movement.
986720	987860	But as that wave travels
987860	988600	down the letter,
988720	989600	it amplifies
989600	991240	until the very tip of the whip
991240	992120	cracks violently.
992420	993960	That is exactly what happens
993960	994840	in a supply chain.
995140	995760	It's terrifying
995760	996960	how accurate that is.
997040	997180	Right.
997320	998620	And customer demand fluctuates
998620	999920	just a tiny bit
999920	1001200	at your local retail store.
1001480	1002840	But as that order information
1002840	1003540	moves upstream
1003540	1004400	from the retailer
1004400	1005960	back to the regional distributor,
1006180	1007580	back to the massive manufacturer,
1008060	1010260	and finally to the raw material supplier,
1010400	1012560	the order sizes amplify wildly.
1012560	1014240	A ripple at the cash register
1014240	1015760	becomes a tsunami at the factory.
1016320	1018000	And in that 1997 paper,
1018440	1019380	the authors identified
1019380	1021240	four classic structural causes
1021240	1022280	for this distortion.
1022580	1022760	Right.
1022840	1024840	The first is demand signal processing.
1025480	1026260	How does that work?
1026580	1027620	Imagine a retailer
1027620	1029580	normally sells 10 bicycles a week.
1030660	1031860	Suddenly, one week,
1032200	1033040	they sell 15.
1033700	1035740	The retailer's forecasting algorithm
1035740	1037180	sees a 50% spike,
1037720	1038320	gets nervous,
1038740	1040660	and adjusts their future forecast up,
1041080	1042020	ordering 20 bikes
1042020	1042820	just to be safe.
1043000	1043280	Okay.
1043940	1044720	Makes sense locally.
1045260	1046500	But then the regional distributor
1046500	1047620	sees an order for 20,
1048280	1049900	assumes a massive biking trend
1049900	1050960	is sweeping the nation,
1051200	1053260	and orders 40 from the manufacturer.
1053600	1054120	Oh, wow.
1054200	1056320	So everyone is rationally overreacting
1056320	1057760	to the signal from the node
1057760	1058760	directly below them,
1058800	1059640	rather than looking at
1059640	1061420	what the actual end consumer is doing.
1061500	1061960	Exactly.
1061960	1063420	And the second cause
1063420	1064520	is order batching.
1064840	1066500	Which is just trying to save money
1066500	1067100	on shipping, right?
1067120	1067260	Yeah.
1067340	1068520	A distributor doesn't want to pay
1068520	1069420	for a truck to drive
1069420	1070600	across the country half empty.
1070740	1070960	Yeah.
1071080	1072140	It's economically inefficient.
1072420	1072600	Yeah.
1072920	1073800	So they wait.
1074440	1075200	They sit on the orders
1075200	1076600	until they have a massive batch
1076600	1078200	to send upstream all at once.
1078200	1079780	So to the manufacturer,
1080160	1081180	demand looks like it's
1081180	1083120	flatlining at zero for weeks,
1083120	1084140	and then suddenly
1084140	1085360	a massive spike
1085360	1086220	hits out of nowhere.
1086440	1086740	Right.
1086740	1087860	And the third cause
1087860	1089220	is price fluctuations,
1089800	1091100	specifically trade promotions.
1092120	1093400	A manufacturer might offer
1093400	1095100	a temporary end-of-quarter discount
1095100	1095820	on a product,
1095980	1097080	so the distributor,
1097520	1099300	acting entirely rationally
1099300	1100440	to maximize profit,
1100920	1101600	forward buys.
1102040	1103440	They purchase a year's wreath
1103440	1104700	of inventory all at once
1104700	1106060	to lock in the cheap price.
1106140	1106480	Exactly.
1106760	1107840	And this massive order
1107840	1109200	has absolutely nothing to do
1109200	1109960	with what the customer
1109960	1110940	is actually consuming,
1111240	1112900	but it completely shatters
1112900	1114120	the manufacturer's visibility
1114120	1115500	into true demand.
1115500	1116660	And the fourth cause
1116660	1117800	is rationing
1117800	1118660	and shortage gaming,
1118780	1119460	which I think we've all
1119460	1120260	lived through recently.
1120420	1121040	We definitely have.
1121060	1121900	If a new smartphone
1121900	1122980	or video game console
1122980	1124160	is short on supply
1124160	1125200	and the manufacturer
1125200	1126020	tells the retailers,
1126240	1127220	look, we can only fulfill
1127220	1128980	50% of whatever you order,
1129480	1130560	what does the retailer do?
1130660	1131600	They game the system.
1131720	1131880	Right.
1131940	1132760	They order double
1132760	1133840	what they actually need.
1134180	1134580	Exactly.
1134900	1136520	Knowing it will get cut in half,
1136540	1137200	so they end up
1137200	1138200	with their true requirement.
1138560	1139600	But the manufacturer
1139600	1140580	just sees demand
1140580	1141640	doubling overnight.
1141960	1142520	And as soon as
1142520	1143360	the shortage is over,
1143540	1144660	the retailers cancel
1144660	1145480	all those phantom
1145500	1147060	mortars and the manufacturers
1147060	1148200	left holding the bag.
1148600	1149440	And beyond those
1149440	1150900	four mechanical causes,
1151640	1152580	Fliction brings in
1152580	1153840	John Sturman's famous
1153840	1155400	beer game experiment
1155400	1156520	from MIT.
1157240	1158220	It's a simulation
1158220	1159540	where students manage
1159540	1160720	a beer supply chain.
1160840	1161860	And what did that show?
1162220	1162960	Sturman showed that
1162960	1163920	even if you remove
1163920	1164740	price promotions
1164740	1166060	and shortage gaming entirely,
1166540	1167260	the bullwhip effect
1167260	1168740	still happens purely
1168740	1169580	because of bounded
1169580	1170640	human rationality.
1171420	1172740	People systematically
1172740	1174220	underweight the supply line.
1174220	1175420	Meaning what exactly?
1175860	1176980	Meaning people forget
1176980	1177700	about the delays.
1178660	1179300	You place an order
1179300	1180060	for inventory.
1180560	1181780	It doesn't arrive on Tuesday
1181780	1182900	because of shipping delays.
1183260	1183960	You panic,
1184200	1185260	assuming the order was lost,
1185440	1186720	and you place a second order
1186720	1187260	on Wednesday.
1188000	1188920	You completely fail
1188920	1189780	to account for the fact
1189780	1190520	that the first order
1190520	1191360	is still in transit.
1191620	1191960	Oh.
1192160	1192920	It's exactly like
1192920	1193780	standing at an elevator
1193780	1194580	pressing the button
1194580	1195280	and when the doors
1195280	1196580	don't open in five seconds,
1196720	1198100	you angrily press the button
1198100	1198960	four more times.
1199380	1200000	Pressing it more
1200000	1200860	doesn't make the elevator
1200860	1201700	travel faster.
1202240	1203460	It just sends redundant
1203460	1204760	panicked signals
1204760	1205540	to the system.
1205660	1206180	Precisely.
1206620	1208560	Now, usually in business schools,
1208840	1209500	the bullwhip effect
1209500	1210300	is taught purely
1210300	1211200	as an information
1211200	1212220	distortion problem.
1212680	1214040	People misread signals.
1214260	1215280	But Fliction argues
1215280	1216740	this is an incomplete picture.
1217060	1217620	Fliction says
1217620	1218440	the bullwhip effect
1218440	1219440	is actually a crisis
1219440	1221400	of exhausted repair capacity.
1221400	1222460	And this reframing
1222460	1223120	is brilliant.
1223860	1224340	Fliction says
1224340	1225500	we completely misunderstand
1225500	1227120	what buffer inventory
1227120	1228300	actually is.
1228900	1229060	Right.
1229160	1230840	Because in modern business,
1231000	1231580	we are taught
1231580	1233360	that having extra inventory
1233360	1234680	sitting on a warehouse shelf
1234680	1235640	is a sin.
1236100	1237480	It's expensive slack.
1237800	1239320	It's a waste of working capital,
1239580	1240800	a waste of floor space.
1241320	1242120	But Fliction says
1242120	1243380	no, that physical buffer
1243380	1244400	is a system's
1244400	1245660	local repair capacity.
1245660	1247360	It is the literal
1247360	1248340	physical ability
1248340	1249760	of that specific warehouse
1249760	1251760	to absorb a demand shock
1251760	1253040	without screaming upstream
1253040	1253700	for help.
1254000	1254920	Think about it structurally.
1254920	1256060	If a retailer runs
1256060	1257460	a perfectly lean operation
1257460	1258860	with zero safety stock
1258860	1260140	and a customer walks in
1260140	1261780	and buys just two extra units,
1262180	1263360	that retailer is immediately
1263360	1264300	forced into a state
1264300	1265840	of inadmissible continuation.
1266380	1267520	They literally cannot
1267520	1268660	fulfill the next customer
1268660	1269840	who walks through the door.
1270180	1271000	Because they lack
1271000	1271680	a local buffer,
1271920	1272820	they have no choice
1272820	1274080	but to immediately export
1274080	1275360	that volatility upstream.
1275680	1276280	They have to place
1276280	1277220	an emergency order.
1277560	1278180	But if they had
1278180	1280140	a small strategic buffer,
1281020	1282680	a physical repair capacity,
1283200	1283980	they could absorb
1283980	1285620	that minor hiccup locally.
1286220	1286920	The manufacturer
1286920	1287840	would never even know
1287840	1288380	it happened.
1288580	1289560	So the Bullup effect
1289560	1290300	on this reading
1290300	1291220	is what happens
1291220	1293360	when continuation fails locally
1293360	1294780	because shock absorption
1294780	1295620	has been thinned out
1295620	1296460	so aggressively
1296460	1299220	that ordinary daily variation
1299220	1300260	has to be amplified
1300260	1301460	and pushed elsewhere.
1301700	1303160	This brings us directly
1303160	1304100	to the holy grail
1304100	1305380	of modern manufacturing.
1306280	1307640	The Toyota production system,
1307740	1308720	or TPS.
1308960	1309720	The birthplace
1309720	1311320	of just-in-time manufacturing?
1311320	1311760	Right.
1312280	1313260	Taichi Ono designed
1313260	1313800	this system
1313800	1314920	in post-war Japan
1314920	1315800	specifically
1315800	1317220	to minimize inventory.
1317880	1318560	And on the surface,
1319200	1320220	that seems to completely
1320220	1321620	contradict Flixion's point
1321620	1322660	about needing buffers.
1323020	1323980	But Flixion points out
1323980	1325080	the massive difference
1325080	1326020	between the true,
1326180	1327020	authentic Toyota
1327020	1327880	production system
1327880	1328920	and the cheap
1328920	1330380	just-in-time knockoffs
1330380	1331380	that Western companies
1331380	1332220	tried to implement
1332220	1333380	in the 1990s.
1333700	1334660	And understanding
1334660	1335400	that difference
1335400	1336100	is crucial.
1336100	1338240	The popular caricature
1338240	1339280	of just-in-time
1339280	1340680	is that you simply
1340680	1342320	fire your warehouse staff
1342320	1343880	and cut inventory
1343880	1344540	to zero
1344540	1345820	to save cash.
1346320	1347360	But Toyota didn't just
1347360	1349160	slash inventory blindly.
1349800	1351420	They reduced physical stock
1351420	1352520	while simultaneously
1352520	1353800	building incredibly
1353800	1355120	high process discipline.
1355340	1355620	Yes.
1355920	1356860	They used physical
1356860	1357740	Kanban cards
1357740	1359060	to perfectly synchronize
1359060	1359500	production.
1360520	1361540	Any worker on the line
1361540	1362920	could pull the and-on cord
1362920	1364380	and stop the entire factory
1364380	1365680	if they spotted a defect.
1365680	1366760	And more importantly,
1366960	1368080	Toyota built deep,
1368440	1369140	long-term,
1369400	1370800	highly integrated trust
1370800	1371700	with their suppliers.
1372040	1373180	So their repair capacity
1373180	1374460	wasn't a giant warehouse
1374460	1375500	full of spare parts.
1375940	1377360	It was distributed repair.
1377620	1379180	It was rapid problem-solving,
1379300	1380140	immediate visibility,
1380540	1381540	and a social network
1381540	1382120	of suppliers
1382120	1383400	who could pivot on a dime.
1383620	1383920	Yes.
1384580	1385960	The system absorbed shocks
1385960	1387460	through organizational agility
1387460	1388320	and transparency.
1388840	1389960	The knockoff versions
1389960	1391220	implemented by other companies
1391220	1392440	just cut the inventory
1392440	1393580	to artificially boost
1393580	1394520	their quarterly earnings.
1394520	1395480	They didn't build
1395480	1396860	the deep supplier relationships,
1397180	1398040	they didn't implement
1398040	1399420	the and-on-cord culture
1399420	1400660	of stopping to fix errors,
1400820	1401600	and they ended up
1401600	1402920	with incredibly brittle,
1403240	1404180	fragile systems.
1404480	1405360	And the world
1405360	1407100	saw exactly how fragile
1407100	1408400	during the 2011
1408400	1409440	Tuchoku earthquake
1409440	1410660	and tsunami in Japan.
1411080	1412220	That was a wake-up call
1412220	1413060	for everybody.
1413280	1414040	The devastation
1414040	1414840	from that earthquake
1414840	1416680	cascaded across the globe
1416680	1418040	in ways nobody predicted.
1418740	1420000	Western automotive companies
1420000	1420800	thought they were running
1420800	1422000	incredibly lean,
1422420	1422820	efficient,
1423040	1424020	globally diversified
1424020	1424860	supply chains.
1425020	1425660	But it turned out
1425660	1426920	they were entirely dependent
1426920	1427820	on hidden,
1428120	1429200	single-source suppliers
1429200	1430300	buried deep
1430300	1431720	in their sub-tier networks.
1432000	1432540	For example,
1432760	1433880	a company called Rinesis,
1434040	1434920	a critical producer
1434920	1436540	of automotive microcontrollers,
1437000	1437800	was hit hard
1437800	1438440	by the quake.
1438860	1440160	Because the global supply chain
1440160	1441060	had optimized away
1441060	1442100	all their buffer stock,
1442100	1443120	and because they had
1443120	1444160	no visibility into
1444160	1445100	who was actually making
1445100	1446020	these microcontrollers
1446020	1447580	at Tier 3 or Tier 4 levels,
1448280	1449300	car plants in Europe
1449300	1449820	and America
1449820	1451120	suddenly had to halt production.
1451300	1452540	The local component outage
1452540	1453840	became a global crisis
1453840	1454660	because the local
1454660	1455540	repair capacity,
1455740	1457080	whether that was buffer stock
1457080	1458460	or alternative
1458460	1459700	pre-vetted suppliers,
1459840	1460760	was non-existent.
1461380	1462440	So if driving
1462440	1463360	a lean supply chain
1463360	1464480	is like driving your car
1464480	1465540	without a spare tire
1465540	1466880	just to save a tiny bit
1466880	1467680	on gas mileage,
1467840	1468660	is the answer
1468660	1469780	just to hoard everything.
1470420	1471320	Should companies
1471320	1473280	just build massive warehouses
1473280	1475080	and hold three years' worth
1475080	1476520	of every single microchip
1476520	1477000	and screw?
1477360	1478280	Absolutely not.
1478640	1480260	And the 2020 to 2022
1480260	1481820	global semiconductor shortage
1481820	1483060	is the perfect,
1483420	1484300	painful example
1484300	1485420	of why hoarding
1485420	1486300	destroys systems.
1486380	1486900	Oh man,
1487020	1487880	the chip shortage.
1487980	1488540	I remember you couldn't
1488540	1489060	buy a car,
1489140	1489920	you couldn't buy a PlayStation,
1490260	1491120	it was wild.
1491220	1491420	Right.
1491680	1492740	When that shortage hit
1492740	1493760	and the pandemic
1493760	1494620	disrupted shipping,
1495240	1496020	companies panicked.
1496600	1497380	They engaged
1497380	1497960	in the ultimate
1497960	1498740	shortage gaming.
1499240	1500320	They started panic ordering
1500320	1501120	and double ordering
1501120	1501820	components from
1501820	1502920	foundries in Taiwan.
1503060	1503580	But the panic
1503580	1504080	didn't create
1504080	1505360	genuine repair capacity.
1505760	1506820	It weaponized inventory.
1507380	1508240	A giant pile
1508240	1509360	of the wrong microchip
1509360	1510020	doesn't help you
1510020	1510800	finish building a car
1510800	1511360	if you're missing
1511360	1512880	a different 50 cent sensor.
1513180	1514220	Hoarding just tied up
1514220	1515360	billions of dollars
1515360	1516260	in working capital,
1516740	1517720	completely distorted
1517720	1518760	the demand signal
1518760	1519580	for the foundries,
1519900	1521660	and made the bullwhip effect
1521660	1522820	infinitely worse.
1523520	1524880	Fliction is very clear here.
1525600	1526460	More inventory
1526460	1528120	is not simply better.
1529120	1530120	A tumor is growth,
1530280	1531220	but it isn't healthy.
1531940	1532800	Repair capacity
1532800	1533760	has to be targeted,
1534300	1535240	it has to be visible,
1535540	1536460	and it has to be
1536460	1537520	relationally supported
1537520	1538260	by the network.
1538720	1539320	So we've looked
1539320	1540060	at physical goods
1540060	1540740	breaking down
1540740	1542420	and how strategic buffers
1542420	1543440	repair those breaks.
1543960	1545100	But physical goods
1545100	1545640	don't move
1545640	1546740	without human agreements.
1547440	1548280	Let's look at
1548280	1549360	the invisible rules
1549360	1549880	that govern
1549880	1550940	how those goods move.
1551460	1552260	Let's dive into
1552260	1553140	contract law.
1553240	1553560	Yes.
1553740	1554760	Because Fliction argues
1554760	1555420	that a contract
1555420	1556480	is not just a static
1556480	1557140	piece of paper
1557140	1558040	sitting in a lawyer's
1558040	1558700	filing cabinet.
1559080	1560240	It is a meticulously
1560240	1561260	managed trajectory
1561260	1562080	of human behavior.
1562280	1563100	This is one of the most
1563100	1564080	fascinating applications
1564080	1564780	of the theory
1564780	1565620	because it challenges
1565620	1566240	how lawyers
1566240	1567320	are fundamentally trained.
1568040	1568620	In law school,
1569000	1570220	classical contract doctrine
1570220	1571140	is taught strictly
1571140	1571900	chronologically.
1572280	1572480	Right.
1572680	1573760	You start with a concept
1573760	1574640	called formation.
1575520	1576540	According to the restatement,
1576840	1577060	second,
1577240	1577920	of contracts,
1578580	1579760	to form a contract,
1580200	1581120	you need an offer,
1581360	1582760	an acceptance of that offer,
1583000	1583720	and consideration,
1584040	1584620	which just means
1584620	1585920	a bargain for exchange
1585920	1586460	of value.
1586820	1588060	And this is heavily taught
1588060	1588980	as if you were building
1588980	1590180	a static object.
1590640	1591900	Does the contract exist?
1592000	1592580	Yes or no?
1592940	1594180	Is the object valid?
1594640	1595640	And only much later
1595640	1596300	in the semester,
1596740	1598180	as a completely separate topic,
1598620	1599440	do you learn about
1599440	1600120	what happens
1600120	1601300	when someone breaches
1601300	1602000	the contract
1602000	1603340	and what the remedies are.
1603740	1603940	Right.
1604020	1604640	It's taught like,
1604860	1605760	first we build the box
1605760	1606700	and then six weeks later
1606700	1607620	we discuss what happens
1607620	1608940	if someone smashes the box.
1609140	1609900	But Fliction
1609900	1612240	completely flips this framework.
1612640	1613300	Fliction says
1613300	1614740	formation isn't the creation
1614740	1615880	of a static object.
1616600	1617380	Formation is just
1617380	1618720	the admissibility gate.
1618720	1620540	It is the strict set of rules
1620540	1621220	that decides
1621220	1622300	whether the legal system
1622300	1623100	will even allow
1623100	1623820	your relationship
1623820	1625020	to enter a legally
1625020	1626000	supervised trajectory
1626000	1626960	in the first place.
1627220	1628000	And viewing it
1628000	1629320	as an admissibility gate
1629320	1630720	explains why the law
1630720	1631920	constantly adapts
1631920	1633360	when reality clashes
1633360	1634140	with its rules.
1634720	1635400	Take the classic
1635400	1636080	common law
1636080	1637100	mirror image rule.
1637340	1638060	Oh, I've heard of this.
1638280	1638760	Originally,
1639300	1639900	for an acceptance
1639900	1640540	to be valid,
1640760	1641660	it had to perfectly
1641660	1642760	mirror the offer,
1643100	1643940	word for word.
1644460	1645640	If I offer to sell you
1645640	1646580	100 laptops
1646580	1647320	for $1,000
1647320	1648580	and you write back,
1648720	1649560	I accept,
1650000	1650680	I will buy
1650680	1651620	the 100 laptops,
1651960	1653000	but please package them
1653000	1653840	in blue boxes
1653840	1654900	instead of brown.
1655260	1656080	Under the strict
1656080	1656960	mirror image rule,
1657080	1658300	you did not accept.
1658420	1658640	Right.
1659000	1660020	You legally rejected
1660020	1660580	my offer
1660580	1661860	and made a counteroffer.
1662180	1663180	Which sounds elegant
1663180	1663820	and clean
1663820	1665080	in a law school classroom,
1665220	1666160	but it is an absolute
1666160	1667040	nightmare for
1667040	1668500	actual businesses
1668500	1669500	trying to operate
1669500	1670300	in the real world.
1670300	1670800	Exactly.
1671200	1672260	Because in the real world,
1672600	1673820	merchants were constantly
1673820	1674980	sending purchase orders
1674980	1675720	and invoices
1675720	1676500	back and forth,
1676680	1677660	and the boilerplate
1677660	1678840	fine print on the back
1678840	1679480	of those forms
1679480	1681120	never perfectly matched.
1681200	1681340	Right.
1681460	1682220	One form said
1682220	1683020	disputes go to
1683020	1684060	arbitration in New York.
1684140	1684740	The other said
1684740	1685880	litigation in California.
1686220	1686760	But the merchants
1686760	1688280	were ignoring the fine print,
1688640	1689440	shipping the goods,
1689500	1690520	and paying for them anyway.
1690680	1691100	They were acting
1691100	1692360	like a contract existed.
1692940	1693900	The mirror image rule
1693900	1694680	was too strict.
1694820	1695920	It was making actual
1695920	1697360	functioning commerce
1697360	1698760	legally inadmissible.
1698760	1700220	So the law had to adapt
1700220	1700780	to reality.
1701320	1701560	Yes.
1702560	1704000	The Uniform Commercial Code,
1704480	1706900	specifically UCC Section 2207,
1707420	1708580	which lawyers affectionately
1708580	1710120	call the Battle of the Forms,
1710460	1711680	completely renegotiated
1711680	1712800	that admissibility gate.
1712900	1714000	It created rules
1714000	1716000	that allowed mismatched invoices
1716000	1718020	to form a binding contract
1718020	1719120	under certain conditions.
1719440	1721100	It proves that the legal system
1721100	1722040	actually wants
1722040	1723100	commercial continuation.
1723800	1725860	The law wants the transaction
1725860	1727900	to survive human slop.
1727900	1729040	It's like the law saying,
1729160	1730580	OK, you guys didn't use
1730580	1731620	the exact same words,
1731700	1732820	but you clearly wanted
1732820	1733640	to do a deal.
1733760	1734620	You're acting like
1734620	1735220	there's a deal.
1735360	1736700	So we're going to admit
1736700	1737740	this into our system
1737740	1738700	and let it continue.
1739400	1740180	But what happens
1740180	1741300	when things go wrong
1741300	1742160	during the performance
1742160	1743040	of the contract?
1743640	1744480	Flishen brings up
1744480	1746840	a very famous 1921 case,
1747260	1748420	Jacob and Young's v. Kent.
1748620	1749440	Ah, the famous
1749440	1750280	reading pipe case.
1750300	1751120	I love this case.
1751380	1752440	So a wealthy owner
1752440	1753220	hires a builder
1753220	1754500	to construct a sprawling
1754500	1755220	country house,
1755220	1756280	and the contract
1756280	1757420	explicitly states
1757420	1757980	in writing
1757980	1759220	that all the plumbing
1759220	1760600	must use wrought iron pipe
1760600	1761920	made by the reading pipe company.
1762100	1762520	Very specific.
1762780	1763300	But the builder
1763300	1764120	makes a mistake.
1764560	1765560	For some of the plumbing
1765560	1766620	hidden behind the walls,
1767000	1767980	the builder accidentally
1767980	1768880	installs a different
1768880	1769620	brand of pipe.
1770320	1771320	It was the exact
1771320	1772360	same quality,
1772540	1774220	the exact same market price,
1774740	1776320	literally indistinguishable,
1776500	1777400	except for the brand
1777400	1778380	stamp on the metal.
1779000	1780140	But the owner of the house
1780140	1781300	eventually finds out,
1781800	1782620	gets furious,
1782620	1784500	and demands that the builder
1784500	1785940	tear down the finished walls
1785940	1787500	and replace all the pipe
1787500	1788600	with the reading brand.
1788600	1790280	And Judge Benjamin Cardozo,
1790480	1791320	writing for the New York
1791320	1792040	Court of Appeals,
1792200	1793040	says no.
1793280	1794640	He establishes the doctrine
1794640	1796020	of substantial performance.
1796380	1797840	The deviation from the contract,
1798080	1799100	the wrong brand of pipe,
1799180	1800640	was not a material breach.
1800960	1802980	It was a minor venial fault.
1803360	1804520	The law did not demand
1804520	1805200	that the house be
1805200	1806380	literally torn apart
1806380	1808020	to achieve a bite-for-bite,
1808100	1809600	perfect, literal restoration
1809600	1810660	of the contract terms.
1810760	1810920	Yeah.
1810920	1812340	Instead, it allowed
1812340	1813680	the contractual relationship
1813680	1814760	to continue via
1814760	1816140	a compensatory adjustment.
1816900	1818120	The builder just had to pay
1818120	1819100	the difference in value
1819100	1820160	between the two pipes.
1820420	1821320	Which, in this case,
1821360	1822980	was basically zero dollars
1822980	1823720	because the pipes
1823720	1825140	were identical in quality.
1825960	1826860	Cardozo realized
1826860	1828240	that tearing down the walls
1828240	1829620	would be an inadmissible,
1829940	1831620	catastrophic economic waste.
1832160	1833300	The legal system
1833300	1834280	repairs the contract
1834280	1835220	without destroying
1835220	1836340	the physical progress.
1836800	1837620	And this philosophy
1837620	1838640	applies to how the law
1838640	1839720	handles remedies, too.
1839720	1841820	Flexion says legal remedies
1841820	1842880	aren't just accounting
1842880	1843660	ledger updates.
1844140	1845040	They are active
1845040	1846340	repair operators.
1846740	1848200	Take expectation damages,
1848500	1849180	which is highlighted
1849180	1849920	in the famous
1849920	1851080	Harry Hand case,
1851380	1852280	Hawkins v. McGee.
1852360	1854140	A classic from 1929.
1854860	1855700	A doctor promised
1855700	1856400	a young boy
1856400	1857680	a 100% perfect
1857680	1858560	or good hand
1858560	1859820	after a severe burn.
1860200	1861040	The doctor performed
1861040	1861820	a skin graft
1861820	1862660	using skin from
1862660	1863500	the boy's chest.
1863800	1864440	But the graft
1864440	1865280	didn't just fail
1865280	1866180	to heal perfectly.
1866400	1867440	The hand ended up
1867440	1868420	growing thick hair.
1868420	1869680	A complete disaster
1869680	1870320	for the patient.
1870780	1871280	But when the court
1871280	1872320	calculated the damages
1872320	1873500	the doctor had to pay,
1873840	1874640	they didn't just give
1874640	1875080	the patient
1875080	1876220	his surgical feedback.
1876580	1877340	The court awarded
1877340	1878640	expectation damages.
1879240	1880120	Expectation damages
1880120	1880720	are designed
1880720	1881980	to put the injured party
1881980	1883300	in the financial position
1883300	1884300	they would have been in
1884300	1885180	if the contract
1885180	1886280	had been performed perfectly.
1886820	1887920	The law is literally
1887920	1889060	trying to repair
1889060	1890180	the licensed future.
1890600	1891380	It's protecting
1891380	1892080	the trajectory
1892080	1892680	that was promised
1892680	1893200	to the patient.
1893340	1894240	And what's fascinating
1894240	1895460	is how that differs
1895460	1896900	from other repair operators.
1896900	1898740	The law also has
1898740	1899920	reliance damages
1899920	1901600	which just try to put you
1901600	1902340	back in the position
1902340	1902880	you were in
1902880	1903700	before the promise
1903700	1904380	was ever made
1904380	1905840	reimbursing
1905840	1907380	your wasted expenditures.
1907860	1908880	And restitution damages
1908880	1910160	which just strip
1910160	1911200	the unjust enrichment
1911200	1912500	away from the breaching party.
1913400	1914020	Each remedy
1914020	1915420	is a specific tool
1915420	1916300	designed to preserve
1916300	1917360	a different invariant
1917360	1918420	of the human relationship.
1919280	1919620	But wait,
1919800	1920480	let me push back
1920480	1921180	on this whole idea
1921180	1922040	that contracts
1922040	1923300	are these living
1923300	1924640	moral relationships
1924640	1925340	that the law
1925340	1926140	desperately wants
1926140	1926600	to repair
1926600	1927720	because that flies
1927720	1928240	in the face
1928240	1929420	of Oliver Wendell Holmes
1929420	1930220	and his famous
1930220	1931140	bad man theory
1931140	1931680	of the law
1931680	1933260	or Judge Richard Posner
1933260	1934140	and the whole law
1934140	1935060	and economics idea
1935060	1936060	of efficient breach.
1936380	1937080	That's true, it does.
1937360	1937860	Their argument
1937860	1938660	is that a contract
1938660	1940100	isn't a moral relationship
1940100	1940540	at all.
1940640	1941440	It's just a financial
1941440	1942240	menu option.
1942860	1943620	You either perform
1943620	1944600	the service you promised
1944600	1946480	or you pay the damages
1946480	1947200	to walk away.
1947340	1948240	It's the toll road.
1948760	1949660	If it is financially
1949660	1950440	cheaper for me
1950440	1951300	to breach the contract
1951300	1952220	and pay you damages
1952220	1952860	than it is
1952860	1954180	to actually finish the job,
1954180	1955480	I should rationally
1955480	1956320	just breach it.
1956420	1957480	It's completely optional.
1958100	1958820	Yes, the efficient
1958820	1959380	breach theory
1959380	1960280	is very popular
1960280	1961460	in economics departments.
1962240	1962860	But Flixen
1962860	1965000	explicitly pushes back
1965000	1966100	on Holmes and Posner
1966100	1967220	here, arguing
1967220	1968040	that the actual
1968040	1969060	structure of the law
1969060	1970700	does not view breach
1970700	1972720	as a lawful neutral option.
1973020	1973580	And the proof
1973580	1974820	is found in doctrines
1974820	1975860	like anticipatory
1975860	1976620	repudiation
1976620	1978460	established in old cases
1978460	1979740	like Hoster-Vide-Latour.
1979900	1980360	Exactly.
1980540	1981240	How does that work
1981240	1981700	mechanically?
1981740	1982720	If we sign a contract
1982720	1983620	today for you
1983620	1984340	to paint my house
1984340	1984880	next month
1984880	1985580	and tomorrow
1985580	1986160	you call me
1986160	1986440	and say,
1986540	1987460	hey, I changed my mind.
1987540	1988020	I'm going to breach
1988020	1988980	the contract next month.
1989140	1989940	I don't have to wait
1989940	1990460	until next month
1990460	1990940	to see you.
1991280	1991860	The law treats
1991860	1992940	your verbal announcement
1992940	1995100	as a present material breach.
1995440	1997060	It is an inadmissible transition.
1997900	1998800	The law says
1998800	1999740	you cannot threaten
1999740	2000700	the future trajectory
2000700	2001580	of this relationship.
2002060	2002860	If a contract
2002860	2004040	were merely an option
2004040	2004780	to perform
2004780	2005960	or pay later,
2006320	2007420	I would have to wait
2007420	2008560	until the deadline passed.
2009180	2009580	And what about
2009580	2010640	specific performance?
2010640	2012500	That completely destroys
2012500	2013700	the toll road theory, too.
2013900	2014380	Exactly.
2014900	2015900	In cases where money
2015900	2016480	isn't enough
2016480	2018220	to repair the promised future,
2018420	2018720	say,
2019380	2020460	a contract to buy
2020460	2021680	a one-of-a-kind painting
2021680	2022780	or a specific parcel
2022780	2023360	of real estate,
2023860	2025040	the court will order
2025040	2026120	specific performance.
2026720	2027340	They will literally
2027340	2028180	force you
2028180	2029360	under threat of contempt
2029360	2029820	of court
2029820	2031040	to hand over the painting.
2031460	2032500	If a contract
2032500	2033420	were just an option
2033420	2034140	to perform
2034140	2035020	or pay a fee,
2035240	2036020	specific performance
2036020	2036760	wouldn't exist.
2037320	2037980	The law wants
2037980	2038520	the trajectory
2038520	2039800	of the relationship repaired,
2039800	2040460	not treated
2040460	2041880	as a financial toll road
2041880	2042380	where the wealthy
2042380	2043440	can just buy their way
2043440	2044240	out of their promises.
2044740	2045260	So is there
2045260	2046360	any disconfirming evidence?
2046920	2047620	When does the law
2047620	2048780	just throw up its hands,
2048920	2049300	give up,
2049380	2050360	and refuse to repair
2050360	2050880	the contract?
2051260	2052040	Affliction points
2052040	2052620	to the doctrine
2052620	2053240	of rescission.
2054060	2054980	This happens in cases
2054980	2055920	of outright fraud
2055920	2056980	or mutual mistake.
2057620	2059080	The classic law school case
2059080	2060180	is Sherwood V. Walker
2060180	2061300	from 1887.
2061460	2062560	The barren cow case?
2062840	2063180	Yes.
2063860	2065060	A buyer and a seller
2065060	2066320	agreed to the sale
2066320	2067540	of a specific cow
2067540	2069240	named Rose 2nd
2069240	2069880	of Aberlone.
2070540	2071200	Both the buyer
2071200	2071760	and the seller
2071760	2072960	genuinely believed
2072960	2074660	the cow was completely barren
2074660	2075580	and could not breed,
2075980	2076780	so she was sold
2076780	2078040	for a very cheap price,
2078520	2079100	essentially just
2079100	2079600	for the value
2079600	2080220	of her beef.
2080860	2081540	But right before
2081540	2082440	the exchange happened,
2082560	2083540	they realized Rose
2083540	2084780	was actually pregnant,
2084920	2085500	which made her
2085500	2086360	a breeding cow
2086360	2087460	worth roughly
2087460	2088820	ten times as much money.
2089360	2090220	The court allowed
2090220	2090580	the seller
2090580	2091740	to rescind the contract.
2092040	2092960	Because the mistake
2092960	2094300	went to the very root,
2094400	2095200	the very essence
2095200	2095920	of the agreement.
2095920	2097020	They weren't selling
2097020	2097820	a breeding cow,
2097980	2098540	they were selling
2098540	2099340	a beef cow.
2099580	2100740	The object they thought
2100740	2101900	they were contracting over
2101900	2103360	didn't actually exist.
2103780	2104260	Exactly.
2104820	2105840	In cases of profound
2105840	2107160	mutual mistake or fraud,
2107480	2108320	the law doesn't try
2108320	2109240	to repair the contract
2109240	2110260	by adjusting the price
2110260	2110860	with damages.
2111280	2112700	It unwinds the contract
2112700	2113240	entirely.
2113700	2114300	It pretends
2114300	2115000	it never happened.
2115220	2115900	This proves
2115900	2116880	that some transitions
2116880	2118540	are so deeply defective
2118540	2119520	that they were never
2119520	2120760	admissible to begin with.
2121280	2122140	You cannot repair
2122140	2122640	a trajectory
2122640	2123580	that was fundamentally
2123580	2125000	flawed at the starting gate.
2125000	2125600	Wow.
2126100	2126980	Okay, so we've traveled
2126980	2128520	from the physical supply chains
2128520	2129380	that move our goods
2129380	2131700	to the invisible social laws
2131700	2132740	that govern those goods.
2133380	2133880	I want to make this
2133880	2135000	even more personal now.
2135320	2136520	Let's look at the actual
2136520	2137760	biological memories
2137760	2138460	inside your head.
2138520	2139740	That's a great section.
2139900	2140400	Section four,
2141000	2141900	sleep architecture.
2142660	2143860	How does the human brain
2143860	2145060	decide what information
2145060	2146080	is admissible
2146080	2147280	to keep for a lifetime?
2147960	2149580	This is where Flick Sean
2149580	2151220	targets the dominant metaphor
2151220	2152440	that almost all of us
2152440	2153140	use for sleep.
2153140	2154560	When we talk about
2154560	2155200	being tired,
2155420	2156220	we usually rely on
2156220	2157080	the standard model
2157080	2157660	for sleep,
2158060	2159280	which was heavily influenced
2159280	2160640	by Alexander Borbally's
2160640	2161580	two-process model
2161580	2162640	in the 1980s.
2163040	2163480	Specifically,
2163780	2165480	we rely on process S,
2165640	2166340	which is essentially
2166340	2167460	a hydraulic pressure
2167460	2168160	valve model.
2168200	2168420	Right.
2168600	2169120	Hydraulic,
2169160	2170220	like a pipe building up
2170220	2170860	water pressure
2170860	2171620	until it bursts.
2171880	2172320	Exactly.
2172800	2173860	The idea is that
2173860	2174580	during the day,
2174700	2175980	as your brain burns energy,
2176340	2177480	a neurochemical called
2177480	2178720	adenosine builds up.
2178880	2180400	This homeostatic sleep need
2180400	2181380	builds up in your brain
2181380	2182540	like physical pressure.
2182540	2183740	And when you finally
2183740	2184340	go to sleep,
2184460	2186040	that pressure is discharged.
2186540	2187540	The valve opens,
2187820	2188780	the tank drains.
2189200	2190340	And as we drain the tank,
2191000	2191960	we cycle through
2191960	2193940	roughly 90 to 110 minute
2193940	2194820	cycles of sleep.
2195080	2196440	We move between NREM,
2196740	2197800	which is non-rapid eye
2197800	2198360	movement sleep,
2198500	2199700	the deep slow wave sleep
2199700	2200480	that happens early
2200480	2200960	in the night,
2201400	2202100	and REM,
2202780	2203880	rapid eye movement sleep,
2203940	2204740	the dreaming phase
2204740	2205420	that happens more
2205420	2206020	toward the morning.
2206320	2207120	So under that model,
2207280	2208420	sleep is just draining
2208420	2209320	the chemical tank
2209320	2209980	so we can function
2209980	2210660	the next day.
2210660	2211540	That's the popular
2211540	2212020	conception.
2212740	2213720	But Fliction argues
2213720	2214760	this hydraulic model
2214760	2216440	is constitutively incomplete.
2217480	2218500	Process S explains
2218500	2219480	when we feel tired,
2219840	2220580	and it explains
2220580	2221640	how deeply we sleep
2221640	2222460	based on how long
2222460	2223160	we've been awake.
2223340	2223980	But it tells us
2223980	2224780	absolutely nothing
2224780	2225500	about what happens
2225500	2226160	to our memories
2226160	2227280	while we are unconscious.
2227620	2228340	A pressure valve
2228340	2229460	is completely blind
2229460	2230000	to content.
2230780	2231800	But modern neuroscience
2231800	2232900	shows us that the brain
2232900	2234220	is intensely focused
2234220	2235480	on content during sleep.
2235480	2236660	And this brings in
2236660	2237500	a framework called
2237500	2239300	Active Systems Consolidation
2239300	2240340	from researchers
2240340	2241540	like Suzanne Diekelman
2241540	2242360	and Jan Born.
2243140	2244140	They argue that sleep
2244140	2245200	isn't just a biological
2245200	2246180	pressure release.
2246320	2247380	It's a highly sophisticated
2247380	2248540	record and commit
2248540	2249580	IT architecture.
2250100	2251540	It is actively managing
2251540	2252900	and editing your memories.
2253420	2253560	Right.
2254080	2254880	And Fliction maps
2254880	2255580	this perfectly
2255580	2256380	onto the concepts
2256380	2257020	of repair
2257020	2258320	and admissibility.
2258760	2259720	During the day,
2259840	2260640	as you experience
2260640	2261160	the world,
2261580	2262780	you encode new,
2263080	2264160	highly fragile memories
2264160	2265800	in a seahorse-shaped
2265800	2266620	part of the brain
2266620	2267720	called the hippocampus.
2267880	2268880	But the hippocampus
2268880	2269560	is small.
2269800	2271280	It's just temporary storage.
2271740	2272760	It learns fast,
2272840	2273980	but it forgets fast.
2274180	2276080	During slow-wave NREM sleep,
2276160	2276880	that deep sleep,
2276940	2277540	early in the night,
2277720	2278560	your brain enters
2278560	2279940	a massive repair phase.
2280640	2282300	It selectively reactivates
2282300	2283260	those fragile traces
2283260	2284280	in the hippocampus
2284280	2285360	to see if they should be
2285360	2286100	moved to the cortex
2286100	2287320	for long-term storage.
2287580	2288480	And this reactivation
2288480	2289380	isn't just a metaphor.
2289860	2290660	There is a literal,
2290880	2292620	physical, electrical dialogue
2292620	2293620	happening in the brain.
2293620	2295920	It is incredibly precise.
2296540	2297160	Researchers like
2297160	2298220	Bernhard Stericina
2298220	2299240	have mapped
2299240	2300280	a hierarchical nesting
2300280	2301220	of brain waves
2301220	2301800	that looks like
2301800	2303080	a perfectly timed
2303080	2304180	biological orchestra.
2304800	2306940	You have slow oscillations
2306940	2307880	in the cortex,
2308320	2309260	providing a massive,
2309780	2311040	rhythmic up-and-down beat.
2311280	2312260	Nested perfectly
2312260	2313740	inside the up-states
2313740	2314700	of those slow waves
2314700	2316180	are faster bursts
2316180	2317240	of electrical activity
2317240	2318600	called sleep spindles.
2318840	2319800	And nested perfectly
2319800	2320820	inside those spindles
2320820	2322200	are incredibly fast,
2322340	2323160	sharp-wave ripples
2323160	2324400	coming from the hippocampus.
2324500	2325520	So the hippocampus
2325520	2326940	is firing rapid bursts
2326940	2327580	of information
2327580	2329020	directly into the open windows
2329020	2330140	provided by the cortex.
2330620	2330900	Yes.
2331340	2331920	And during those
2331920	2333220	tiny, sharp-wave ripples,
2333700	2335440	the actual waking experiences
2335440	2336320	of your day
2336320	2337480	are being replayed.
2337660	2337840	Yeah.
2338100	2338800	Matthew Wilson
2338800	2339760	and Bruce McNaughton
2339760	2340900	did these classic,
2341260	2342240	mind-blowing studies
2342240	2342920	with rodents.
2343040	2343700	They recorded
2343700	2344920	the exact neuronal
2344920	2345940	firing patterns
2345940	2346920	in a rat's brain
2346920	2347660	while it was learning
2347660	2348940	to run a physical maze.
2349040	2349260	Then,
2349500	2350300	when the rat fell asleep,
2350300	2350880	they saw those
2350880	2351820	exact same neurons
2351820	2352820	firing in the exact
2352820	2353520	same sequence
2353520	2354720	just much faster.
2354960	2355800	The brain was running
2355800	2356420	the maze again
2356420	2356960	in its sleep.
2357120	2357960	And later research
2357960	2359100	by Gabrielle Girardot
2359100	2359560	showed that
2359560	2360660	if you use technology
2360660	2361960	to selectively suppress
2361960	2363360	just those specific
2363360	2364240	sharp-wave ripples,
2364640	2365840	the rat doesn't remember
2365840	2367060	the maze the next day.
2367520	2368320	So Enrem sleep
2368320	2369620	is literally cross-checking
2369620	2370380	these new memories
2370380	2371660	against your existing
2371660	2372500	cortical network.
2372720	2373560	It's asking
2373560	2374720	the admissibility question.
2375220	2376700	Is this memory important?
2377060	2377820	Is it admissible?
2377820	2379300	Can we integrate
2379300	2380280	this new fact
2380280	2381780	into long-term storage
2381780	2383180	without destabilizing
2383180	2383920	the whole system?
2384160	2384480	Exactly.
2384680	2385460	It's an active filter.
2386180	2386760	And then we have
2386760	2387460	REM sleep,
2387640	2388540	the dreaming phase.
2388940	2389760	Fliction calls REM
2389760	2390800	the commit phase.
2391300	2392020	By the time you get
2392020	2393160	to the heavy REM cycles
2393160	2393960	later in the morning,
2394220	2395340	Enrem has already done
2395340	2395960	the heavy lifting
2395960	2397360	of filtering and reactivating.
2397680	2399000	REM takes the memory traces
2399000	2400040	that actually survive
2400040	2400960	that Enrem filter
2400960	2402620	and further integrates them.
2402960	2403380	This is where
2403380	2404320	procedural memory,
2404520	2405720	like learning to ride a bike
2405720	2406500	or play the piano,
2406620	2407460	gets smoothed out.
2407820	2408480	And importantly,
2408680	2410220	it is where the emotional tone
2410220	2411860	of a memory is recalibrated.
2412320	2413400	Matthew Walker's work
2413400	2414160	on this is famous.
2414420	2415520	He talks about how we sleep
2415520	2416500	to remember the facts
2416500	2417040	of a trauma,
2417500	2418440	but we use REM sleep
2418440	2419160	to strip away
2419160	2420680	the raw visceral emotion
2420680	2421880	attached to those facts.
2422140	2423560	Because REM operates
2423560	2424660	under a totally different
2424660	2425740	neurochemical environment.
2426780	2427420	During REM,
2427840	2428920	your brain has almost
2428920	2430080	zero noradrenaline
2430080	2430780	the stress chemical.
2431580	2432500	It A is safe
2432500	2433680	neurochemical space.
2434100	2435620	It biases the continuation
2435620	2436360	of the memory
2436360	2437320	in a different way
2437320	2438320	than NREM does,
2438640	2439600	allowing you to process
2439600	2440800	highly emotional events
2440800	2441640	without the physical
2441640	2442520	stress response.
2442900	2443560	Okay, let me make sure
2443560	2444380	I'm really grasping
2444380	2445900	how different this is
2445900	2447000	from the hydraulic model.
2447240	2448480	If sleep was just
2448480	2449760	a hydraulic pressure release,
2450140	2451100	it would be like
2451100	2452580	emptying your computer's
2452580	2453720	digital trash bin
2453720	2455660	to free up hard drive space.
2455920	2457080	It's a generic flush.
2457140	2458120	You couldn't selectively
2458120	2459540	save one specific file
2459540	2460440	while deleting another.
2460780	2461640	That is the perfect way
2461640	2462240	to look at it.
2462240	2463400	And the ultimate proof
2463400	2464160	that sleep isn't
2464160	2465260	just a generic flush
2465260	2466180	comes from something
2466180	2467160	called targeted memory
2467160	2467940	reactivation,
2468400	2469780	or TMR experiments.
2469900	2471220	Oh, this is the wild stuff
2471220	2471820	with the smells
2471820	2472600	and the sounds.
2472960	2473280	Yes.
2473820	2475240	Researchers like Bjorn Rash
2475240	2476160	and Jonathan Rudoy
2476160	2477560	did these incredible studies
2477560	2478960	that basically hacked
2478960	2480060	the admissibility gate.
2480700	2481520	In Rash's study,
2481640	2482740	people sat at a computer
2482740	2483900	and learned the locations
2483900	2485400	of card pairs on a screen,
2485780	2486740	like the game memory.
2487220	2488400	But while they were learning,
2488780	2489680	the researchers pumped
2489680	2490740	a very specific,
2490960	2491660	distinct odor,
2492120	2493080	the scent of roses,
2493220	2493780	into the room.
2494440	2495640	So their waking brains
2495640	2497000	subconsciously linked
2497000	2498300	the smell of roses
2498300	2499620	to the spatial memory
2499620	2500360	of the cards.
2500480	2500880	Exactly.
2501300	2502080	Then the subjects
2502080	2502700	went to sleep.
2503180	2504140	While they were in deep,
2504320	2505680	slow-wave NREM sleep,
2506060	2506920	the researchers pumped
2506920	2508420	that exact same rose odor
2508420	2509520	back into the room.
2509680	2510360	And what happened?
2510440	2511220	When they woke up,
2511340	2512240	their recall for those
2512240	2513480	specific card locations
2513480	2515300	was significantly improved
2515300	2516380	compared to control groups
2516380	2517280	who didn't get the smell
2517280	2517960	during sleep.
2518320	2519480	And Rudoy did the exact
2519480	2520120	same thing,
2520200	2521540	using specific sounds
2521540	2522780	associated with objects
2522780	2523360	on a screen.
2523580	2525300	So by playing a sound
2525300	2526580	or introducing a smell,
2526760	2527360	the researchers
2527360	2528960	were literally hijacking
2528960	2530640	the brain's admissions committee.
2531160	2532320	They were artificially
2532320	2533720	flagging a specific memory
2533720	2534160	and saying,
2534300	2535960	hey, prioritize this one
2535960	2536460	for the repair
2536460	2537920	and consolidation process.
2538340	2539320	If sleep was just
2539320	2540060	a pressure valve
2540060	2541140	flushing adenosine,
2541620	2542440	playing a sound
2542440	2543600	or pumping in a smell
2543600	2545140	wouldn't do absolutely anything
2545140	2546500	to save a specific file.
2546720	2547280	Precisely.
2547280	2549220	Sleep is a highly selective
2549220	2550540	active admissions committee.
2551140	2552340	It is actively deciding
2552340	2553480	which memories are fit
2553480	2554080	to continue
2554080	2555680	and shape your future behavior.
2556340	2558140	But Fliction does mention
2558140	2559200	the Tannoni-Sorelli
2559200	2561100	synaptic homeostasis hypothesis,
2561340	2562220	which is a big deal
2562220	2562980	in sleep science.
2563360	2564540	And that theory is essentially
2564540	2566180	a global downscaling theory.
2566380	2566740	It is.
2566880	2567940	The idea is that
2567940	2568600	during the day,
2568660	2569240	as we learn,
2569340	2569960	our synapses
2569960	2571020	get chemically stronger
2571020	2571500	and thicker.
2571500	2572640	And if they just kept
2572640	2573640	getting stronger forever,
2573840	2574760	our brains would literally
2574760	2576120	run out of physical space
2576120	2576660	and energy.
2577120	2578540	So sleep globally scales
2578540	2579360	all the synapses
2579360	2580520	back down to a baseline,
2580760	2581960	preserving the relative strength
2581960	2582860	of the important ones
2582860	2583600	while clearing out
2583600	2584360	the daily noise.
2584720	2585720	Which is a brilliant model
2585720	2587000	and it is very hydraulic
2587000	2587500	in nature.
2587940	2588900	It's about managing
2588900	2589960	the total energetic
2589960	2591020	and physical weight
2591020	2591940	of the synapses.
2592520	2593760	And Fliction doesn't dismiss this.
2593820	2594920	He says we have to stratify
2594920	2595780	our understanding.
2595940	2596180	Right.
2596540	2597200	Process S
2597200	2598380	and synaptic downscaling
2598380	2599920	are incredibly accurate
2599920	2601440	for tracking sleep deprivation
2601440	2603500	and the raw biological energy
2603500	2604560	required by the brain.
2604760	2606260	But they do not explain
2606260	2607680	the content-sensitive routing
2607680	2608840	of specific memories.
2609540	2610180	Sleep is both.
2610740	2612520	It is a vital hydraulic discharge
2612520	2613440	of energetic need
2613440	2615380	and it is a highly specific
2615380	2617320	content-sensitive continuation
2617320	2618620	pass for your memories.
2618840	2619520	So tonight,
2619640	2620560	when you hit that deep
2620560	2621480	slow-wave sleep,
2621640	2622840	your brain is actively
2622840	2624380	doing this triage.
2624620	2625540	It is amazing.
2626080	2627300	And that transitions us
2627300	2628760	perfectly from the brain
2628760	2629420	using sleep
2629420	2630200	to filter memories
2630200	2630920	to the body
2630920	2631920	using the immune system
2631920	2633260	to filter out physical threats.
2633260	2634500	Let's look at section five.
2635440	2635920	Immunology.
2636180	2637300	This might be the most brutal,
2637500	2637840	ultimate,
2638040	2639520	biological admissibility gate
2639520	2639960	of them all.
2640020	2640680	It really is.
2641120	2641980	If sleep decides
2641980	2642580	which memories
2642580	2643200	are admissible
2643200	2644380	to keep your mind coherent,
2644880	2645980	the immune system decides
2645980	2646860	which cells are admissible
2646860	2648480	to keep your physical body alive.
2648720	2649720	Every time you get a cold,
2649840	2650640	your body is making
2650640	2651800	a ruthless calculation.
2651800	2653840	So Fliction anchors this
2653840	2655020	in the classic theories
2655020	2656480	that won the Nobel Prize,
2656780	2658220	Niels Jern in 1955,
2658660	2660920	and McFarlane Burnett in 1957,
2661360	2662780	the clonal selection theory.
2663140	2664980	This was a massive paradigm shift
2664980	2665600	in biology.
2666280	2666900	Before this,
2667240	2668520	scientists actually believed
2668520	2669960	in an instruction theory.
2670600	2671380	They thought the body
2671380	2672160	saw a virus,
2672600	2673380	studied its shape,
2673540	2674880	and then custom-manufactured
2674880	2675460	an antibody
2675460	2676580	to perfectly fit it,
2676800	2677660	like a blacksmith
2677660	2678960	forging a custom key
2678960	2679620	for a lock.
2680040	2680880	Jern and Burnett
2680880	2682100	completely flipped that.
2682320	2683500	They proved that your body
2683500	2684380	already contains
2684380	2685200	a massive,
2685480	2686400	random library
2686400	2688580	of millions of naive B-cells,
2688780	2690120	each with a totally different,
2690300	2691620	randomly-generated receptor.
2692020	2692900	When a virus enters,
2693060	2694040	the body doesn't build
2694040	2694780	a custom key.
2695120	2696320	The virus just bounces around
2696320	2697360	until it randomly bumps
2697360	2698140	into the one B-cell
2698140	2699160	that happens to have a receptor
2699160	2700060	that kind of fits it,
2700400	2701760	and then that specific cell
2701760	2703260	is selected to clone itself rapidly.
2703440	2705340	It's a Darwinian evolutionary process
2705340	2706460	happening in real time
2706460	2707900	inside your own lymph nodes.
2708320	2708700	Exactly.
2709200	2710020	And this leads to
2710020	2711060	an incredible process
2711060	2712560	called affinity maturation
2712560	2714520	inside the germinal centers
2714520	2715560	of your lymph nodes.
2716220	2716780	Germinal centers
2716780	2717700	are these temporary
2717700	2718420	microstructures
2718420	2719080	that form
2719080	2719940	when you get an infection.
2720360	2721380	And this process
2721380	2722740	is almost universally taught
2722740	2723800	in biology textbooks
2723800	2725280	as a pure optimization
2725280	2726100	search engine.
2726460	2726940	Right.
2727140	2728300	It's Ceres taught
2728300	2729120	as the body
2729120	2729720	trying to find
2729720	2731220	the absolute best,
2731480	2732540	stickiest antibody
2732540	2734060	to neutralize the threat.
2734300	2734580	Yes.
2735160	2736320	The B-cells enter a region
2736320	2737500	called the dark zone
2737500	2738560	of the germinal center
2738560	2739740	and divide rapidly.
2740200	2740860	As they divide,
2740980	2743120	their DNA literally mutates
2743120	2743720	on purpose
2743720	2744800	a process called
2744800	2746100	somatic hypermutation.
2746580	2747300	This is driven
2747300	2748720	by an enzyme called AID.
2749020	2749820	AID is essentially
2749820	2751740	a reckless biological copy editor
2751740	2753380	that intentionally introduces
2753380	2755240	typos into the B-cell's DNA,
2755660	2756520	mutating the receptor
2756520	2758000	to change its shape slightly.
2758180	2758520	Then,
2758660	2759480	these mutated cells
2759480	2760580	move to the light zone
2760580	2761780	to test those new shapes.
2762080	2763160	They have to grab bits
2763160	2763620	of the virus
2763620	2764540	displayed by special
2764540	2765820	follicular dendritic cells,
2766260	2766860	process it,
2767120	2767680	and present it
2767680	2769180	to T-follicular helper cells,
2769400	2770120	TFH cells.
2770320	2771140	If the new mutation
2771140	2771840	binds better,
2772120	2773180	it gets a survival signal
2773180	2773940	from the T-cell.
2774140	2774780	It survives,
2775020	2776240	cycles back to the dark zone
2776240	2776960	to mutate again,
2777120	2778340	and gets even stickier.
2778680	2778880	Okay,
2778960	2780080	so that sounds exactly
2780080	2781480	like an optimization engine.
2781820	2782720	It's an algorithm
2782720	2783820	finding the highest
2783820	2784660	affinity binder.
2785160	2786100	But Flicksheen says
2786100	2787340	that optimization story
2787340	2788080	is secondary.
2788900	2789540	Flicksheen argues
2789540	2790400	that germinal center
2790400	2791120	is primarily
2791120	2793080	a strict admissibility filter.
2793720	2794360	Because finding
2794360	2795800	the stickiest antibody
2795800	2797600	is just a ranking process
2797600	2799100	internal to a much,
2799220	2800200	much stricter gate.
2800800	2802320	A mutated B-cell variant
2802320	2803240	doesn't just have to
2803240	2804400	bind well to the virus,
2804540	2805480	it must remain
2805480	2806560	physically foldable
2806560	2807780	so it actually functions
2807780	2809040	as a protein receptor.
2809300	2810480	It has to successfully
2810480	2811140	compete against
2811140	2812400	all the other B-cells
2812400	2814120	for a very limited supply
2814120	2815460	of TFA survival signals.
2815820	2816660	And most importantly,
2817040	2817340	crucially,
2817740	2818300	it must be
2818300	2819440	non-self-reactive.
2819440	2820700	Because aid
2820700	2821800	is randomly mutating
2821800	2822300	the DNA,
2822800	2823760	it might accidentally
2823760	2824620	create a mutation
2824620	2825820	that perfectly binds
2825820	2826540	to the virus,
2826740	2828040	but also binds perfectly
2828040	2829160	to your own heart tissue
2829160	2830500	or your own nervous system.
2830700	2831480	If a mutation
2831480	2832340	makes the antibody
2832340	2833460	attack your own body,
2833680	2834420	it must be
2834420	2835520	immediately disqualified.
2835660	2836260	And what actually
2836260	2837720	happens to the disqualified cells?
2837800	2838420	How does the body
2838420	2839100	get rid of them?
2839420	2840800	They undergo apoptosis,
2841300	2842120	which is programmed
2842120	2842880	cell death.
2843420	2844340	Mechanisms involving
2844340	2845440	specific proteins
2845440	2846080	like BIM
2846080	2847240	or interactions with
2847240	2848040	FAS and
2848040	2849200	FAS ligand
2849200	2850440	trigger a cascade
2850440	2851320	inside the cell.
2851460	2852480	These proteins
2852480	2853640	aren't just random letters.
2853820	2855440	They are chemical executioners.
2855740	2856620	They tell the cells
2856620	2857340	mitochondria
2857340	2857920	to literally
2857920	2858920	spill its guts,
2859340	2860200	activate enzymes
2860200	2861080	called caspices,
2861300	2862560	and safely dismantle
2862560	2862900	the cell
2862900	2863840	from the inside out
2863840	2864580	so it can be eaten
2864580	2865480	by macrophages
2865480	2866680	without causing inflammation.
2867340	2868440	Why is the system
2868440	2869600	so incredibly ruthless?
2870080	2870800	Why expand
2870800	2872160	all that biological energy
2872160	2873460	making these cells,
2873580	2874460	letting them mutate,
2874460	2876360	just to instantly trigger
2876360	2877700	chemical executioners
2877700	2878520	to dissolve them?
2878920	2879760	The system is ruthless
2879760	2881380	because biological persistence
2881380	2882260	isn't free.
2882760	2883740	A rogue antibody
2883740	2884620	with high affinity
2884620	2885320	for a virus,
2885460	2886700	but which also cross-reacts
2886700	2887780	and attacks your own tissue,
2888320	2889980	is an inadmissible continuation.
2890460	2891780	If that single rogue cell
2891780	2893220	survives and clones itself,
2893400	2894500	it will cause a catastrophic
2894500	2895400	autoimmune disease
2895400	2896360	and destroy the host.
2896620	2897680	Apoptosis isn't just
2897680	2899100	a failed optimization search.
2899240	2900320	It is a vital local
2900320	2901300	repair mechanism
2901300	2902580	to prevent the ultimate
2902580	2904100	contradiction of self-attack.
2904100	2904540	Wow.
2904940	2905920	Cellular deletion
2905920	2907440	is a form of systemic repair.
2907800	2908220	Exactly.
2908500	2909360	And the system actually
2909360	2910460	tries to repair the cells
2910460	2911540	before killing them
2911540	2912300	in some cases.
2913040	2914180	During central tolerance,
2914340	2915380	when B cells are first
2915380	2916500	being born in the bone marrow,
2916900	2917780	if a new B cell
2917780	2919160	is detected as self-reactive,
2919480	2920840	it doesn't always die immediately.
2920980	2921720	It can undergo
2921720	2922740	receptor editing.
2922980	2924100	The cell literally
2924100	2925500	pauses its development,
2926280	2927200	reopens its DNA,
2927780	2928880	rewrites the genetic code
2928880	2929680	for its light chain,
2929860	2930880	and tries to create
2930880	2931880	a brand new receptor
2931880	2932940	that isn't dangerous.
2932940	2934680	It is actively trying
2934680	2935880	to find an admissible
2935880	2937600	continuation rather
2937600	2938520	than just dying.
2939340	2940820	That is incredible mechanics,
2941160	2942600	and this idea that the immune system
2942600	2943880	is managing a historical
2943880	2945300	ledger of continuations
2945300	2946840	leads to a phenomenon
2946840	2949120	called original antigenic sin,
2949420	2950840	which sounds incredibly dramatic,
2951120	2952060	but is also called
2952060	2953260	immune imprinting.
2953440	2954960	It's a very observable phenomenon,
2955160	2956180	classic in decades
2956180	2957420	of influenza research.
2957420	2959020	When you are exposed
2959020	2960020	to a brand new,
2960160	2961300	slightly mutated strain
2961300	2961800	of the flu,
2962120	2962980	your immune system
2962980	2964020	doesn't start from scratch.
2964480	2965800	It preferentially wakes up
2965800	2966660	memory B cells
2966660	2968240	from your prior flu infections
2968240	2969580	that kind of recognize
2969580	2970220	the new strain,
2970560	2971660	rather than taking the time
2971660	2972620	to train brand new,
2972740	2974160	perfect, naive B cells.
2974560	2976200	Infliction cites recent work
2976200	2977620	by researchers like Idolo
2977620	2979420	and others showing this happens
2979420	2981180	heavily with COVID-19, too.
2981660	2982800	Our recall responses
2982800	2983740	to new variants
2983740	2984860	are heavily biased
2984860	2986140	by our past exposures
2986140	2987340	to the original strain.
2987620	2988600	Right, and this proves
2988600	2989420	Fliction's point.
2990140	2991000	If the immune system
2991000	2991960	was a perfect,
2992140	2993320	mathematically ideal
2993320	2994560	optimization engine,
2994860	2996040	it would always build
2996040	2997240	the absolute best,
2997620	2998720	most perfect antibody
2998720	2999720	for the current threat.
3000340	3001640	But because immune memory
3001640	3003180	is a continuation ledger,
3003660	3004820	the system relies heavily
3004820	3005820	on past winners.
3006040	3006820	Those past winners
3006820	3007460	are numerous,
3007680	3009040	they activate incredibly fast,
3009140	3009700	and crucially,
3009880	3010880	they have already passed
3010880	3011780	the safety filters.
3011780	3012920	They are proven
3012920	3014700	to be non-self-reactive.
3014860	3015660	So the system says
3015660	3017020	this old antibody
3017020	3017860	is close enough,
3018060	3019060	let's just use this
3019060	3020020	to survive today.
3020420	3021180	Sometimes this is
3021180	3021900	highly protective.
3022320	3023440	Other times it biases
3023440	3024720	the response so heavily
3024720	3025740	that the body struggles
3025740	3027460	to adapt to a novel mutation.
3027800	3029040	The past physically shapes
3029040	3030100	this space of available
3030100	3031500	continuations in the future.
3031740	3032700	Now, I know there is
3032700	3033540	pushback on this.
3034080	3034700	Fliction mentions
3034700	3036080	classic hapten systems,
3036400	3037480	which are simplified
3037480	3038600	experimental models
3038600	3039820	using synthetic chemicals,
3040040	3041100	and those models
3041100	3042700	do show very straightforward,
3043120	3044860	simple affinity maximization.
3044860	3046020	And then there's
3046020	3046820	this fascinating
3046820	3047940	live imaging study
3047940	3049320	by Taz and colleagues.
3050120	3050800	The Taz study
3050800	3051840	is a crucial piece
3051840	3053180	of disconfirming evidence
3053180	3054260	that we have to acknowledge.
3054940	3055800	They used advanced
3055800	3056420	live imaging
3056420	3057460	to physically track
3057460	3058100	the dynamics
3058100	3059260	inside a germinal center
3059260	3059920	over time.
3060440	3061020	And they found
3061020	3061720	that a lot of
3061720	3062940	clonal extinction cells
3062940	3063660	dying off
3063660	3064820	didn't actually look
3064820	3065460	like a perfectly
3065460	3067080	principled admissibility filter
3067080	3068180	catching bad cells.
3068420	3069140	It looked like
3069140	3070060	stochastic drift.
3070380	3071100	Pure chance.
3071100	3072640	Sometimes a perfectly good
3072640	3073640	high affinity B cell
3073640	3074300	just dies
3074300	3074920	because it happened
3074920	3075520	to be in the wrong
3075520	3076240	physical place
3076240	3077000	at the wrong time
3077000	3078620	and missed a survival signal.
3078940	3079920	So it's not a perfect
3079920	3081000	hyper-rational filter.
3081160	3081680	It's messy.
3082020	3083260	It is deeply messy.
3083740	3084640	But Fliction's point
3084640	3085280	is that while
3085280	3086140	stochastic drift
3086140	3087240	certainly exists,
3087500	3088260	it happens within
3088260	3089120	the hard boundaries
3089120	3089880	of admissibility.
3090400	3091140	A good cell
3091140	3092320	might die by chance,
3092520	3093300	but if a cell
3093300	3094880	is dangerously self-reactive,
3095140	3096220	the filter will catch it.
3096600	3097220	The optimization
3097220	3098620	and the random drift
3098620	3099580	are nested inside
3099580	3100740	a much stricter
3100740	3101780	life-or-death account
3101780	3102480	of what is allowed
3102480	3103180	to survive
3103180	3104700	without destroying the host.
3105060	3105660	Okay, we've gone
3105660	3107160	from microscopic cells
3107160	3108240	executing themselves
3108240	3109300	to human brains
3109300	3110040	filtering memories
3110040	3110940	to social laws
3110940	3112400	and global supply chains.
3112700	3113720	Let's pull the camera
3113720	3114420	all the way back
3114420	3115780	for our final section.
3116120	3116720	Section 6.
3117720	3118240	Geology.
3118980	3119560	We are looking
3119560	3120320	at the Earth itself.
3120400	3121260	How does the planet record
3121260	3122480	breaks in its own continuation?
3122980	3123640	We are talking
3123640	3124580	about deep time.
3124920	3125840	And Fliction anchors
3125840	3126700	this final section
3126700	3127920	in one of the most famous
3127920	3129060	paradigm-shifting moments
3129060	3130280	in the history of science,
3130920	3131900	James Hutton standing
3131900	3133360	at Sicker Point in Scotland
3133360	3135000	in 1788.
3135240	3135700	Sicker Point,
3136040	3137360	what exactly did James Hutton
3137360	3138080	see when he looked
3138080	3138700	at those rocks?
3139020	3140080	He saw an angular
3140080	3140860	unconformity.
3141520	3142580	To visualize this,
3142980	3143840	imagine standing
3143840	3144900	on a rocky beach.
3145520	3147160	He saw near-vertical layers
3147160	3148900	of older gray rock,
3149080	3150920	specifically Silurian gray wax,
3151340	3152560	which are hard mudstones
3152560	3153700	formed in the deep ocean.
3154540	3155620	These gray layers
3155620	3156140	were standing
3156140	3156960	almost straight up
3156960	3157780	and they had been
3157780	3158860	sliced off perfectly
3158860	3159740	flat on top.
3160120	3160880	And sitting directly
3160880	3161620	on top of them,
3161820	3162600	resting horizontally,
3162940	3164480	were layers of younger,
3164860	3165540	reddish rock,
3165620	3167540	Devonian old red sandstone,
3167760	3168520	which is formed
3168520	3169720	from desert river sands.
3170200	3170920	So you have vertical,
3171260	3172620	deep ocean gray stripes
3172620	3175320	with horizontal desert red stripes
3175320	3176440	resting right on top of them.
3176500	3176880	Exactly.
3177080	3177960	And Hutton realized
3177960	3178640	the immense,
3178840	3179840	terrifying implications
3179840	3181300	of that physical contact point.
3181760	3183760	Usually, geology teaches stratigraphy
3183760	3185120	as a science of positive,
3185320	3186100	continuous layers.
3186720	3187720	Sand settles at the bottom
3187720	3188180	of a lake,
3188260	3189100	it turns to rock,
3189220	3190440	more sand settles on top,
3190760	3191640	and you read the layers
3191640	3192320	chronologically,
3192480	3193240	like reading the pages
3193240	3193780	in a book.
3194160	3195080	Unconformities where layers
3195080	3196300	are missing are often viewed
3196300	3197340	as missing data,
3197480	3198760	a regrettable blank spot
3198760	3199780	in the historical record.
3199920	3200720	But Flitchin argues
3200720	3201400	these gaps,
3201500	3202320	these unconformities,
3202440	3203680	are actually legible boundaries.
3203860	3205200	They aren't blank spots at all.
3205440	3205740	Right.
3206400	3207200	Hutton realized that
3207200	3207940	for Sychar Point
3207940	3209100	to physically exist,
3209300	3210200	an enormous amount
3210200	3210840	of violent,
3211040	3211880	unrecorded history
3211880	3212640	had to have happened
3212640	3213280	in that gap.
3213640	3214960	The lower gray rocks
3214960	3216040	were laid down flat
3216040	3216880	in a deep ocean,
3217080	3217380	buried,
3217600	3218460	and turned to stone.
3219060	3219500	Then,
3219740	3221340	massive tectonic forces
3221340	3222640	of continents colliding
3222640	3224140	folded and tilted them
3224140	3225200	completely vertical.
3226060	3226560	Then,
3226700	3227800	they were pushed up
3227800	3228520	above sea level
3228520	3229640	to form a mountain range.
3230200	3230500	Then,
3230660	3231400	millions of years
3231400	3232440	of rain and wind
3232440	3233260	eroded the tops
3233260	3233960	of those mountains
3233960	3234880	completely flat.
3235480	3236100	And then,
3236420	3237820	the land sank back down
3237820	3238680	to allow new,
3238900	3239720	red desert sand
3239720	3240440	to be deposited
3240440	3241780	horizontally on top.
3242240	3242380	So,
3242420	3243220	it's like opening a novel,
3243380	3244820	finding chapters 4 through 10
3244820	3245460	ripped out.
3245780	3246860	But realizing that
3246860	3247600	the jagged edges
3247600	3248460	of the torn pages
3248460	3249280	and the scorch marks
3249280	3249860	on the binding
3249860	3250860	actually tell you
3250860	3251240	a better,
3251360	3252160	more accurate story
3252160	3253040	about a mass of fire
3253040	3253620	in the library
3253620	3254780	than the missing text
3254780	3255480	itself would have.
3255660	3257120	That is a phenomenal analogy,
3257240	3257480	yes.
3257480	3258620	The physical gap
3258620	3259420	encodes a period
3259420	3260340	when the local system
3260340	3261100	could not admit
3261100	3262320	straightforward continuation.
3263080	3263560	The environment
3263560	3264460	violently shifted
3264460	3265860	from a depositional regime
3265860	3266560	where rocks are
3266560	3267220	peacefully made
3267220	3268160	to an active
3268160	3269040	tectonic regime
3269040	3269640	of uplift,
3269860	3270140	deformation,
3270460	3270900	and erosion.
3271200	3272020	The normal rules
3272020	3272760	of making rock
3272760	3273780	were totally suspended.
3274180	3274920	The history became
3274920	3276200	physically inadmissible
3276200	3276860	to record.
3277120	3277600	Exactly.
3277960	3279000	And the later return
3279000	3279720	of the horizontal
3279720	3280500	red sandstone
3280500	3281900	isn't just more rock,
3281980	3283000	it is a geologic
3283000	3284140	repair event.
3284700	3285560	It's the establishment
3285560	3286380	of a new,
3286580	3287920	coherent sequence
3287920	3289480	across a battered surface
3289480	3290420	that encodes
3290420	3291340	the violent history
3291340	3292040	of what broke
3292040	3292540	the sequence
3292540	3293340	in the first place.
3293560	3294580	Flixian scales
3294580	3295460	this concept up
3295460	3296120	to something called
3296120	3297300	the Great Unconformity
3297300	3298140	in the Grand Canyon,
3298500	3299300	which is truly
3299300	3299920	mind-blowing.
3300460	3300820	If you go to
3300820	3301480	the Grand Canyon,
3301700	3302100	you can see
3302100	3303320	flat Cambrian
3303320	3304440	sedimentary strata
3304440	3305160	sitting directly
3305160	3306200	on top of tilted
3306200	3307060	proterozoic
3307060	3308320	crystalline basement rock.
3308600	3309380	There's a physical
3309380	3309900	gap there
3309900	3310620	representing over
3310620	3311300	a billion years
3311300	3312080	of missing time.
3312440	3313160	A billion years
3313160	3314000	where no rock
3314000	3314620	was preserved.
3315180	3315880	And while modern
3315880	3316680	geologists like
3316680	3317620	Karlstrom debate
3317620	3318880	the exact synchronicity
3318880	3319620	of this gap
3319620	3320320	across the North
3320320	3321040	American continent,
3321560	3322200	researchers like
3322200	3323040	Peters and Gaines
3323040	3323580	have proposed
3323580	3324520	something incredible.
3325300	3326220	They hypothesized
3326220	3326840	that the massive
3326840	3327820	weathering and erosion
3327820	3328320	of rock
3328320	3329100	during the formation
3329100	3330500	of the Great Unconformity
3330500	3332000	actually flushed
3332000	3333420	so many heavy minerals
3333420	3334200	like calcium
3334200	3334800	and phosphorus
3334800	3336080	into the global oceans
3336080	3337260	that it fundamentally
3337260	3338760	changed ocean chemistry.
3339480	3340320	And that massive
3340320	3341120	chemical dump
3341120	3341800	may have helped
3341800	3342720	trigger the Cambrian
3342720	3343280	explosion,
3343840	3344840	the sudden rapid
3344840	3346140	appearance of complex
3346140	3347320	hard-shelled life
3347320	3347860	on Earth.
3348020	3348300	Wait,
3348520	3349260	so the gap,
3349500	3350220	the missing time,
3350340	3351140	the violent erosion
3351140	3352800	was actually an active
3352800	3353920	participant in
3353920	3355080	planetary continuation.
3355920	3356820	The breakdown
3356820	3357860	seeded the minerals
3357860	3359000	for complex life.
3359000	3360200	That is the hypothesis.
3360520	3361360	The boundary wasn't
3361360	3362500	just a quiet pause
3362500	3363320	in the rock record.
3363780	3364660	The violent weathering
3364660	3365520	process recorded
3365520	3366160	in that gap
3366160	3367080	actively changed
3367080	3368240	the admissibility rules
3368240	3369380	for biology on Earth.
3369760	3371020	The breakdown of the rock
3371020	3371880	allowed the continuation
3371880	3372580	of life.
3372900	3374020	That is absolutely astonishing.
3374320	3375380	Is there any pushback
3375380	3376000	in geology
3376000	3376960	against this idea
3376960	3377860	that gaps are always
3377860	3379140	so profoundly informative?
3379700	3379980	Yes,
3379980	3380860	there is a concept
3380860	3382020	called paraconformities.
3382440	3383200	These are gaps
3383200	3384020	in the rock record
3384020	3384720	where the layers
3384720	3385380	above and below
3385380	3386400	are perfectly parallel
3386400	3387320	with almost no
3387320	3388280	erosional relief.
3388820	3389680	To the naked eye,
3389800	3390360	it looks like
3390360	3391500	a continuous sequence.
3391660	3392160	The only way
3392160	3392700	you even know
3392700	3393660	there is missing time
3393660	3394540	is through microscopic
3394540	3396460	fossils or radiometric dating.
3397140	3398220	In these specific cases,
3398360	3399360	the gap really does
3399360	3400540	approach pure absence.
3401060	3401540	It doesn't tell
3401540	3402420	a dramatic story
3402420	3403420	of uplift and collision.
3403800	3404600	It just signifies
3404600	3406040	a quiet, boring pause
3406040	3406740	where no BERT
3406740	3407620	settled for a few
3407620	3408380	million years.
3408940	3409800	Affliction acknowledges
3409800	3410340	this limit.
3410600	3411320	Not every break
3411320	3412440	is dramatically articulate.
3412940	3413600	But the major
3413600	3414380	unconformities,
3414500	3415340	the ones that literally
3415340	3416840	define geological eras,
3416940	3417580	are profound,
3417860	3418560	legible records
3418560	3420020	of inadmissible continuation.
3420500	3420800	Wow.
3421220	3421860	Okay, so what does
3421860	3422700	this all mean for us?
3422980	3423600	We have covered
3423600	3424580	an insane amount
3424580	3425260	of ground today.
3425760	3426540	But whether you are
3426540	3428080	a CEO trying to manage
3428080	3429220	a supply chain crisis,
3429660	3430820	a lawyer negotiating
3430820	3431940	a complex contract,
3432160	3432900	a person just trying
3432900	3433920	to get a good night's sleep
3433920	3434780	so your brain
3434780	3435400	can consolidate
3435400	3436000	your memories,
3436380	3437520	a patient relying
3437520	3438520	on your immune system
3438520	3439060	to fight off
3439060	3439920	a novel virus,
3440040	3441340	or a hiker standing
3441340	3441740	at the edge
3441740	3442460	of the Grand Canyon
3442460	3443540	looking at a billion years
3443540	3444340	of missing time,
3444780	3445480	you are witnessing
3445480	3447620	the exact same universal law
3447620	3448700	operating in the background.
3448820	3449940	The law of admissibility
3449940	3450600	and repair.
3450860	3451120	Yes.
3451980	3452720	Complex systems
3452720	3453960	do not demand perfection.
3454500	3455360	They do not demand
3455360	3456440	that nothing ever breaks
3456440	3457120	or that the data
3457120	3458560	is always mathematically pure.
3459080	3460640	They demand a coherent way
3460640	3461280	to keep going.
3462000	3462960	They use strict filters
3462960	3464040	to decide what is allowed
3464040	3464560	to proceed,
3464560	3466140	and they rely on messy
3466140	3467340	active mechanisms
3467340	3468560	to repair the trajectory
3468560	3470120	when a massive shock hits.
3470460	3471040	It is a profound
3471040	3472060	philosophical shift
3472060	3473260	from demanding static,
3473500	3474320	fragile perfection
3474320	3475560	to managing dynamic,
3475840	3476560	robust resilience.
3477100	3477840	And I want to leave you
3477840	3478740	with a final thought today,
3479120	3479940	something that wasn't
3479940	3481720	explicitly in Flictionian's papers,
3482200	3483260	but builds directly
3483260	3484540	on this incredible idea.
3485460	3487260	What about our own
3487260	3488280	personal identities?
3489000	3490180	We tend to think of ourselves
3490180	3492460	as a single static object.
3493120	3494300	I am who I am,
3494560	3495880	from childhood to old age.
3496220	3497180	But what if you
3497180	3499580	are just an admissibility regime?
3499880	3501240	That is a very compelling
3501240	3502580	way to view psychology.
3502860	3503420	Think about it.
3503800	3505420	We constantly forget memories
3505420	3506020	that don't fit
3506020	3506980	our current self-image.
3507460	3508720	We repair our worldview
3508720	3509600	after a trauma,
3509820	3510380	a heartbreak,
3510460	3511500	or a massive shock.
3511780	3513620	We rewrite our personal narratives
3513620	3514540	to allow ourselves
3514540	3515600	to step into tomorrow
3515600	3516880	without collapsing
3516880	3517500	under the weight
3517500	3518600	of cognitive dissonance.
3519240	3519940	You aren't a perfectly
3519940	3520780	preserved fossil
3520780	3521580	sitting in a museum.
3521940	3522920	You are a continuous
3522920	3524260	living act of repair.
3524560	3525480	Every single day
3525480	3526120	you wake up,
3526180	3527080	your mind and body
3527080	3528680	run a massive admissibility check,
3528800	3529620	and you find a way
3529620	3530120	to continue.
3530280	3531100	You are a trajectory,
3531280	3531900	not a snapshot.
3532580	3532980	Exactly.
3533240	3533960	So the next time
3533960	3534760	you face a breakdown
3534760	3535840	in your own life,
3536360	3536980	a failure,
3537260	3537840	a mistake,
3537940	3538960	a moment of chaos,
3539420	3540940	maybe don't view it
3540940	3541500	as a failure
3541500	3542840	of your entire system.
3543300	3544460	View it as the raw material
3544460	3545660	for your next continuation.
3546660	3547580	The muddy waters
3547580	3548440	aren't a mistake.
3548700	3549360	They are exactly
3549360	3550420	where the repair happens.
3550480	3551280	Just like that x-ray
3551280	3552080	at the doctor's office
3552080	3552760	we started with
3552760	3553560	a broken bone
3553560	3554680	doesn't mean the body
3554680	3555180	has failed.
3555400	3556320	The break is just
3556320	3556800	the boundary
3556800	3557900	where the body begins,
3558400	3559120	the complex,
3559360	3559960	messy work
3559960	3560720	of knitting itself
3560720	3561300	back together
3561300	3562000	so it can keep
3562000	3562740	moving forward.
3563000	3564320	That captures the spirit
3564320	3565520	of this research perfectly.
3565780	3566460	Thank you all
3566460	3567180	for joining us
3567180	3568040	on this deep dive.
3568220	3568840	Keep questioning
3568840	3569720	the snapshots,
3569920	3570820	look for the trajectories
3570820	3571640	in your own life,
3571720	3572460	and we will see you
3572460	3572920	next time.
